Algorithm,Sample_Index,Plaintext_Size_Bytes,MAC_Hex,Computation_Delay_ms,Communication_Delay_ms
HMAC-SHA256,1,10240,28395bba6c913c3114da73bcea4bcc7863bc2ea0905e23963d465c588e1426c2,0.092600,0.054000
HMAC-SHA256,2,10240,020443f3398f859951799f8a46f2c7710aa06b2185887aed26c583d03f38f7ca,0.042300,0.060700
HMAC-SHA256,3,10240,249d66481ea086f736f6e2ac18f9cce88ae5aee01cde63fc3061b5df751f45e0,0.028500,0.047800
HMAC-SHA256,4,10240,95d61344b1bc15551ab4c7e0557e8ae1d510de8a5d31683d72d8395586dd9c60,0.025200,0.042400
HMAC-SHA256,5,10240,d3bcb313de2f597c33652e7d910ec77584f32f2344654184c738ed5266192cc3,0.038200,0.128700
HMAC-SHA256,6,10240,a5f58d80bc85d72626255d4ee7a72af684a9181a8d5dff9fc7aa320492d3a687,0.024900,0.040800
HMAC-SHA256,7,10240,10e439af865be9f34d297b1ecefd58eda918c24320776e7b6e70075abf5621c5,0.077600,0.130700
HMAC-SHA256,8,10240,2dd892f5eeea87527ec204c04d23b25bc5e0a865f633aa6e7baef6e4fc33f79f,0.039700,0.081300
HMAC-SHA256,9,10240,3102270017a5b78df762d4c200d6e8281e1913ded37c09cbbcd60726d182806c,0.041300,0.069500
HMAC-SHA256,10,10240,e97a1d4f29467b5a38c6b2ef6f3f336e05720961521512fccbe63b95dfb871af,0.033000,0.052400
HMAC-SHA256,11,10240,be2dafcdd10a79607747617585c7dbc856669974c0fe9946704eec7fcb5896e4,0.026000,0.045600
HMAC-SHA256,12,10240,65a592b48bb4e4fca507f30aa89b043e4f0bc22ed0c5384b59f19e6fcf768e67,0.043100,0.097700
HMAC-SHA256,13,10240,782fa17348bb6daa84b230049a04018d22336793b6746afec387dd6da5a2e312,0.025900,0.042800
HMAC-SHA256,14,10240,bd1c7950c6af70f576e8d66f7ef042a58d7fc7c0bddfb70e653cf7a04a08e3d2,0.025200,0.042700
HMAC-SHA256,15,10240,821e2194468fb03b47c1c4197efcfe9f8aca75af3860c275fd9072661d17a719,0.035900,0.053800
HMAC-SHA256,16,10240,a10862f1e6fd6fc0dbb47b6503285bff6b5489c8e8501be1792cc22a4849af8d,0.027400,0.042400
HMAC-SHA256,17,10240,7eede17f604e2ff5a93f8cdefc5b2b11a80a23e66c43a16ae50eca95c64867ee,0.037700,0.119300
HMAC-SHA256,18,10240,220a309977fb938caf1622b7875b0eb71d6d3f89c005c33433609aba54b4ecca,0.058600,0.104000
HMAC-SHA256,19,10240,ed7d8a8d1104220f54a0b544d2ff916e0369151dd909a00b1ee444cda1012713,0.035400,0.059800
HMAC-SHA256,20,10240,b6f21656507afd218c9d0400e9a4acd8846ef9d38ce1ff6144ffc621589ca1d9,0.044100,0.075500
HMAC-SHA256,21,10240,d6e4e39e69cb897363221d41973e84c7d1d537d85094a22bd12fbc0e963c6ffa,0.031700,0.049300
HMAC-SHA256,22,10240,dc0329c6636de7113041173d2c33b32a3728aa80040ab0478ccccba40d9f5062,0.031100,0.047600
HMAC-SHA256,23,10240,6b24d2d7671f42c7487aea8a0aabedaf4031a6ff7ffd347a84eafe25fe84a955,0.033000,0.052500
HMAC-SHA256,24,10240,b96e63a12867184705650607c5d5c38f3659415c7422fcc47414ba8214cf55d7,0.032000,0.061700
HMAC-SHA256,25,10240,6b1f17cef6d6193c0eb0b7823da72b6e9864b14bfdc32a9c88e5e90f11e48de2,0.027400,0.047100
HMAC-SHA256,26,10240,d546022b754a535b06b5f6de53d8a8f695ae2d479b2d354e5d1b94c47d4a2d5a,0.027700,0.047000
HMAC-SHA256,27,10240,289edfe3f1616b899a3f3497843c12efd2315616b1aedd701b1f374fd1606c7c,0.026700,0.046000
HMAC-SHA256,28,10240,e19cc00ae64f0ca2972f41f337ee5d7a6835b9f2bd2d5eef3d5751166f7e18e1,0.030600,0.071600
HMAC-SHA256,29,10240,f84ca336ea2152077a79cf9587ec5fd9286b98aea4d5791ac98284ed0b780ba4,0.069000,0.100700
HMAC-SHA256,30,10240,b4fc88420bd3433144036a287c26be90055d271a352ffde22616258632b8f3b4,0.039200,0.046300
HMAC-SHA256,31,10240,4cc4ac4a91f3e4ea0cdf7e9f6a270e69bc8753e413f2c8da873968a18e061364,0.073500,0.064600
HMAC-SHA256,32,10240,79f9e9eff36b9a6c900bf035f3c411c4878ac20d2c3f6274c85d4bc2376218d8,0.036700,0.061300
HMAC-SHA256,33,10240,042cf7d06524afa932d745bdc21c01f66e4a19e0148b022ca02e0da65a56bdc4,0.064100,0.111500
HMAC-SHA256,34,10240,d8e09b9c26124418973aaf2637e5d16aac5296909add2778fe3c075c2d34667f,0.042300,0.063800
HMAC-SHA256,35,10240,d2a9aa7da3656dc2c40f9eb095fda223c3e64af7795b877e6480a846ef49bfdf,0.037500,0.065400
HMAC-SHA256,36,10240,0c1c6499678290d19ac0a695aa4058bf3185bb33eb10207986f650fb9f766430,0.041300,0.123600
HMAC-SHA256,37,10240,41572a05db6148d015821013f4c68130ebc9234b68313b6abfde2752ece76813,0.038700,0.133300
HMAC-SHA256,38,10240,4fb49e3f5346a4e75b41fad82c5be8cba991f536c044c94e2dda10715edef131,0.034500,0.126100
HMAC-SHA256,39,10240,eb1e42843dd2893d2c36e0570655a9aa8be47d343663f9b8f24a6d28db20d70e,0.033200,0.188500
HMAC-SHA256,40,10240,63d74b0f435b4cdc955c8cb09a60784dd71e734387a09f9de7215e012cb5a5ff,0.033500,0.096300
HMAC-SHA256,41,10240,7bbd6fc9140686e61f993c946efefd7fec24b3089500e25df857b79e5c5010b1,0.029600,0.051200
HMAC-SHA256,42,10240,1ddf44053bf72cb19adc85d4ead3977f8d68fe153a4047edf0f9ca2fa7173ddb,0.027500,0.044700
HMAC-SHA256,43,10240,8b0f2e7e65f5cf180b9b8d1557af4a22ff304c04638947fac2e193204e4df451,0.028900,0.052800
HMAC-SHA256,44,10240,b87615042ff01cf8d893207f5be1c9c00e2d7df784de56e8e13174bf275f166f,0.029800,0.052900
HMAC-SHA256,45,10240,64f61dc5f3590d9217083ebe718b41d7db278b84912e3a025fe7df0bb9b96ad0,0.047800,0.048600
HMAC-SHA256,46,10240,bb4e2e5844692cd470441252a3b647684cec733262da88f56257263fd4f39baa,0.029600,0.051600
HMAC-SHA256,47,10240,5da90d2d0b8c07e252c6e5dbbcc912580fd086859e2f1d4bd0779a31d276978b,0.028100,0.045700
HMAC-SHA256,48,10240,853c45a879b321fcf9af8486da521e78bd561e317df9311d4b85085af9905684,0.026400,0.044400
HMAC-SHA256,49,10240,69b2408d5ccd8e345a3d75bac4ad7dc6e9526994678f86ec70e4b979e0d94c6b,0.028800,0.042900
HMAC-SHA256,50,10240,ed77c0e292cae352693dc042de8b131bacf0a0187958a8839bb199029962cfb1,0.036800,0.059700
HMAC-SHA256,51,10240,76f4e1e1e1d06aeed968ff78a6011cfb3ae1a2260978149b1204c26e63d0c1d8,0.030500,0.048100
HMAC-SHA256,52,10240,6f4e811ec9dc8a852e71098159bfdf30d110248f916125de3ab6728b3ebcd41f,0.029300,0.050500
HMAC-SHA256,53,10240,54105b14546f05ec522690707d1842cdeefd4f7e4743f4ef38fad7d2e0e5004b,0.026700,0.044400
HMAC-SHA256,54,10240,28dca82dc1e28ae0327cda58cca706b6b5e4ebeb0ef33724ac1bf0ff13c3b581,0.030900,0.048300
HMAC-SHA256,55,10240,d5604283725f8165a1cc60e31b2dc514973d90c170274e09bdd84a34f04628f3,0.026800,0.043500
HMAC-SHA256,56,10240,32b96d93771ba9d7a031147aef447f4a79777462d5fc4cb082198846e21c87fa,0.030400,0.047700
HMAC-SHA256,57,10240,84f3add3fe4a6e52d416ccd6a8851f48e0f6bd2d51168bd098a9e39df0110473,0.030600,0.051200
HMAC-SHA256,58,10240,5b3a4324596008db18bc87576823ca085286573f4597bd9393befd686343a59a,0.033100,0.061600
HMAC-SHA256,59,10240,a38332c0e873ccba379e4c96fcd626886a5876daaacb82a150b37d3ee3e20618,0.030000,0.046200
HMAC-SHA256,60,10240,73426fc51767bb18887b844c1515baef3a9928c4d28713109c9400444debb217,0.032400,0.044700
HMAC-SHA256,61,10240,ce8050a8063b8ad978c1ff9373472e4ff2e0669e7ae4f6445fff904ef96661b3,0.030000,0.050000
HMAC-SHA256,62,10240,29c5532a45c5610684458494fc05690f431b79a3aea002e4f844193ccfadc93a,0.029700,0.050600
HMAC-SHA256,63,10240,d0c88f890ff525377c693efbf68ad50da348dc74a5b2d12de9d700018371b8ff,0.031400,0.052000
HMAC-SHA256,64,10240,126a76c557f78c93d8f97d312d9293352c206f4ba073c3a6556d2a49a9a78cd5,0.029800,0.057100
HMAC-SHA256,65,10240,24ddb3b8bbe792c3a55e44f1e996346338690bec7b15331d9744c6f8ec1ae301,0.028900,0.048600
HMAC-SHA256,66,10240,60a1e2d1a4e3c5240124a3810c192f77589cd90740dc30b201df290115e46f9c,0.028100,0.044800
HMAC-SHA256,67,10240,7c3ede17fc5e120f74c09c3639c29016da43f028a90d1982843827c2ce9a2c37,0.025000,0.042600
HMAC-SHA256,68,10240,d45b3e42ac487d3344810b2d9ac8b160a656c8355a558243bd19731cf3b0300f,0.022300,0.036800
HMAC-SHA256,69,10240,94e047e8ae845857451a6d00ccc9264b0fe3cf385189364730e9678ae42df375,0.025400,0.040600
HMAC-SHA256,70,10240,811dcebe55ae52c7cc7f8fb2dcb3229ca1fd1b75ab2ae7abb3b25b9ce1dc94ed,0.025800,0.042200
HMAC-SHA256,71,10240,548238fc31ebc72a50d91bbaa4d79fc3934ad9dab263283fbb89f0ab5e673739,0.021500,0.034300
HMAC-SHA256,72,10240,d2a644e93db8a1b9f474b51b63bd196c13805e01d8ee71715322e07c79a648a3,0.021400,0.032800
HMAC-SHA256,73,10240,a02fe86ef941032e7c4a9bc3fe7f14fab7fce9acfa9c3a361d5a753f7dbd19f6,0.023700,0.040900
HMAC-SHA256,74,10240,a8d56da2979f3b426f2494ed3bb8b9469d6a1629711177259485ea3ba8fb6ea0,0.024800,0.043100
HMAC-SHA256,75,10240,3ded55abddd36bb3e8f67d209321a16344b0b748a0c8d1f3c840d749ebbb7f53,0.033600,0.095300
HMAC-SHA256,76,10240,6a2b843d9cec7a7c048acbb420b8df19fc899c9af9681a61d24132f93867feab,0.027000,0.043300
HMAC-SHA256,77,10240,39fa1cbad4ffcafaaba398561fc45fea2dcd9abd4502db04b6356f80c5958982,0.020800,0.033700
HMAC-SHA256,78,10240,d47d88b63c8ac7b00c74e1a957abf01995ec44ea4039caf67f2dc59003c22833,0.039200,0.060600
HMAC-SHA256,79,10240,794f71749339891eda429e6e23976111f9f4e4b49b40b2a0b1fb9b17c5db08b5,0.028100,0.044500
HMAC-SHA256,80,10240,01c5637bdfe7f83d017cf81d00be79843539df79a04dacd51656a68771bb1d9a,0.024900,0.041700
HMAC-SHA256,81,10240,004a59d5d61a2edaf895f75affa86b013ad29e105b829365c5d7902440f5e448,0.042700,0.053600
HMAC-SHA256,82,10240,9ac65a2dc1439c40ebcf4ce73c51b11e47b345a7709471064250eb55e1fd164f,0.028100,0.044400
HMAC-SHA256,83,10240,6081898f8c97e46c2200ef5632aeff0377b3b113a996da16463ed4cc390dcbf7,0.024700,0.040500
HMAC-SHA256,84,10240,56e7590f5fa98a42c0c34df4582e383dbeb202aa3f28cb369eaffb7371a112a9,0.022500,0.034500
HMAC-SHA256,85,10240,98e47d28072ef721d9819e03bcb8177cbcbd8e04e9f3ef7e590f1481e0f934c9,0.024400,0.043700
HMAC-SHA256,86,10240,250b56397090672b391ee29e582c903a886bb21d11acc6d9009f55c826a4d2f1,0.027600,0.044200
HMAC-SHA256,87,10240,b7af74f16030c5881115d6cda4cfc81a7efafca1335755650231764e9ee67e21,0.026300,0.041400
HMAC-SHA256,88,10240,99e0251737de454e0f5ec768e61da361f6bb8a508de961376a564900caabd6b1,0.024600,0.042700
HMAC-SHA256,89,10240,72e99b5de47f751855f52f6ff74485d5ee24a383b367ae7c153101af4bac7bd6,0.023300,0.039100
HMAC-SHA256,90,10240,874dda2b34c428a2ea98b0b7a27d505862c09dcc90ea53e4218d2e3f3fbd69b3,0.028300,0.044200
HMAC-SHA256,91,10240,39c0baac89d5b3ec4b1ef82a8aa9d3b438568582fe8e54069009dff8dbf80195,0.023900,0.043000
HMAC-SHA256,92,10240,cd2bdec5cdf30fe06d0220ed165908616bdf9fe1d5371421782cb979e42c26b7,0.023300,0.038500
HMAC-SHA256,93,10240,4c6c005953e8d3b992e18622366375b71942c43f2e9eee1896f746752f9a5012,0.022100,0.034100
HMAC-SHA256,94,10240,6c10eaa352f7413771413f66486273d0ffe1d7b47a9cb21961647a42370b91ef,0.023500,0.039800
HMAC-SHA256,95,10240,ba0c8972e1ef10a55d8159248a2bdf58bcb1d9ed24218223294742a678a8243c,0.038900,0.073800
HMAC-SHA256,96,10240,9f573cc9c0d9034cc271e8e7b9f4682907898ea2cdc0d78583518c63c63697f8,0.032600,0.046100
HMAC-SHA256,97,10240,523ad7b72556a248dfbbb508e68b97e3af83b4ff00737cfdfb41e67199625a45,0.023700,0.038300
HMAC-SHA256,98,10240,188afa4c7aad5f1c503f96761f0a7f82598031b64363cd9e330e51e24dbc9edb,0.020500,0.031400
HMAC-SHA256,99,10240,b9cd7ff4bed965988c31bc33a78ff945d5f720ed880a8142d9631085a04121f4,0.022500,0.035200
HMAC-SHA256,100,10240,dddf993dca450bef4133006c4c2fa19dd0f45a541abaf480a736b4a268884604,0.035400,0.083900
HMAC-SHA256,1,51200,3002c88e699a0db3d13f6864c78a74187b68b42a9831904581e13dc4976d2378,0.091700,0.104600
HMAC-SHA256,2,51200,add9087848f3c6e4bbd7796918399cff4bd17fd4acecbb81bd77a801ef57d44b,0.073800,0.174500
HMAC-SHA256,3,51200,08c2b9137531ed905255f0ea0488e1e8228a92a5c81bd9e48cbf868ac4e5af63,0.071900,0.150300
HMAC-SHA256,4,51200,50cb50603f80477bb625c0e4c7b27adf8fb4f6ccc58f2fdb869431e93af3222c,0.075600,0.150500
HMAC-SHA256,5,51200,d1ec440838bf97cf0659d7ff4acc538b0e9ae3d86839077378ec53e69f72d47e,0.066700,0.161600
HMAC-SHA256,6,51200,15d44dbf59a0585784841baa57b687eddf85dadfc902918bd2f4705b20f898e4,0.082500,0.163300
HMAC-SHA256,7,51200,3da396c68770983511a22096438da8470f461d7e5690a4ff91294ae0140fa41c,0.070900,0.145900
HMAC-SHA256,8,51200,7f8fb39feefa024ba64b78bac8a3433c078aa943fe888d78c8936157332ee4a6,0.077500,0.170600
HMAC-SHA256,9,51200,7af3e2cda04ef3027d072cec4a3c42bd02be5897bd28bbfcceb5f62dd97a62b6,0.071200,0.175500
HMAC-SHA256,10,51200,067ab2d639b7eaf935fef5efa520c3476e44492b530c3c417cde91f8fae2c3b7,0.085400,0.265200
HMAC-SHA256,11,51200,651f5c4c3868a1f18c74c6d819a10bf647eba8f67cff3a9943ab9c1585c79bc0,0.079300,0.191000
HMAC-SHA256,12,51200,cd2e77bd6a974d5e8fc91f89831190715e6bdfc9a4a922bb2a846e3356afc8fc,0.066600,0.179600
HMAC-SHA256,13,51200,1191a6d420d32de875ae9c34d37a54444ad3d2d7e53075cacac86e9b600497f8,0.079300,0.207000
HMAC-SHA256,14,51200,41fff20e62ad08c938c53072a0fd43d48a179f0a3aff01e55f4e0a6490e40510,0.115200,0.387900
HMAC-SHA256,15,51200,7906e56ca7552d471f2a81bb31e70553036bf802e231a0469a4f75a1f529d6c3,0.096100,0.497700
HMAC-SHA256,16,51200,234ba3f4cf02f646ea0f006f14ac09b4eec9d3838da711bc605a306e40cf2dac,0.072000,0.183000
HMAC-SHA256,17,51200,f6a64aa07c7aae62931fa95dad79058b160c846c4ba39a9cf2473641d94aa41c,0.055600,0.147800
HMAC-SHA256,18,51200,85f9d1e4f72e022ec72e22ffc1ebcd2ea26d50c0f0a5bdf6f0cec424f01c327b,0.095200,0.209200
HMAC-SHA256,19,51200,62f826be4f26fb883f210eb7750a8461e12371eba1cfc7280cca413294d59379,0.073400,0.220600
HMAC-SHA256,20,51200,25c827c2f5bfc54e407c728ac37e4311ec2377869cc30f6aa3ad33d07bcf33d6,0.056700,0.113500
HMAC-SHA256,21,51200,923323ce709b8c21aac1c132cd0005e3b17064a0b9a1d8a5f9f8f9292e55ca82,0.062200,0.147900
HMAC-SHA256,22,51200,9c41f5cf609369277d38adb61d567aeb2b41c20c382b6397ecf4a338c441d5dc,0.065100,0.168400
HMAC-SHA256,23,51200,dbe93098bc2e228c697da0186897162fe28c088ac2362e36bfda440cf5ae4a18,0.054400,0.113700
HMAC-SHA256,24,51200,ddbc0c0682628382513c384ccf6e36df715cc166e603b2e8950aaea556fc4962,0.066400,0.179100
HMAC-SHA256,25,51200,64f5503ab1e6d6eca9e4086bd89266b2e6ef2284f6c66b55021fee1e2a1948a8,0.056000,0.130700
HMAC-SHA256,26,51200,1adf17b3d9af9b761394508f6446882e08c742b0e94d6020cfd23a11ecef1e75,0.053800,0.115200
HMAC-SHA256,27,51200,e248f60ef29354ec0aa08b01e8efc628710e8af0275adb0f41521c27c9cc0032,0.055200,0.158300
HMAC-SHA256,28,51200,cf3bcb84bfcee559167a92df932aee539416544a1c5dd5b891e11524bc03ffd5,0.051100,0.121500
HMAC-SHA256,29,51200,bdcd6ea20a9205d8e307ce8104f09f858d6924050f8a151e5c16438b363500f7,0.071400,0.154100
HMAC-SHA256,30,51200,0ff075869c43c99b67456b4e2e031c67808c062aa79e5dfd5f7427df09d45205,0.053700,0.121800
HMAC-SHA256,31,51200,5587467dc8fcbab92f92801df3b86cc5400f882364142b6bf79eaadf4ef5f9aa,0.055900,0.110100
HMAC-SHA256,32,51200,a890719f8ff6cbe32caf03a68b57e4cb92201844d623cf91cb1ff0567b9571c8,0.051700,0.122100
HMAC-SHA256,33,51200,95e8776a1287106a9980068ec733d3347e2380c7c0c8c7682fa7f19b218c2492,0.059600,0.147500
HMAC-SHA256,34,51200,e105a5e2427bdb384c41dfc8b1f139414612a602a7f9d36ec5ab29f04cd19923,0.064800,0.209700
HMAC-SHA256,35,51200,879670ef63990b7d6454c7eef61c32cbbfaa8f37cc29ab65a00a61371ae5f7f9,0.063200,0.156300
HMAC-SHA256,36,51200,5cdbc09ef9b2233e4e94f5f250b1b8963a0e31ade615753421e621de86a4edb4,0.063900,0.125100
HMAC-SHA256,37,51200,6ddacdff1689e2f92a153c5e2efb25fcec95873a145576731cd21938f526c68a,0.075900,0.142500
HMAC-SHA256,38,51200,348ab0acd4656217e4a0c50e5b701b6a8cf1f116d729761a7153519bc83808b8,0.064500,0.137900
HMAC-SHA256,39,51200,f4821b416f7db5cf7dfa3335ffd117003678b3cabc08637d8983a0f1ff2f2f58,0.082400,0.136400
HMAC-SHA256,40,51200,52291cfcedf43297d65f528f7b5c964ce214cf9ebe04161b7cbc47e7fee82945,0.078200,0.159900
HMAC-SHA256,41,51200,bedd01ba52dbb72aa2d141a8b2bd47878212a147d79a46d92c86dd79bc53807f,0.079400,0.156700
HMAC-SHA256,42,51200,bb690cf8c955413711a23e3e305abcd266eac4c58a79a0c86f89c143b26b49e6,0.085900,0.178400
HMAC-SHA256,43,51200,89df5ca45def9e614853b6213cf5daf4fbcd0fc3b6da36376d3134f9f09ba9af,0.113900,0.404900
HMAC-SHA256,44,51200,c1dc15882947a78924f741ff9f9614f9cfcf8dd883b02e4715f8932feb4de2ca,0.113100,0.208700
HMAC-SHA256,45,51200,282de4a895deed017476fcb85ae5800beca7c6357bb67723739a3da9ddee76ca,0.066700,0.177200
HMAC-SHA256,46,51200,dc60e7a037cf31bc200bd76dd492e78159e812e57f20858e6ed3f37e65ba0201,0.058200,0.128300
HMAC-SHA256,47,51200,79f381dacac80bda06c395c772f5e34fe79bd2643c05c893869f0503b59cac6d,0.059300,0.121300
HMAC-SHA256,48,51200,89a36727a5b570d8abfbda45d13179a561bfbbf6dffef75f6688ea126a6f411a,0.063100,0.177500
HMAC-SHA256,49,51200,45c2e972fb8d12466f585c06270dcb9cfb2caaf782642d78486368f1f5e08573,0.057300,0.155000
HMAC-SHA256,50,51200,d4ceea2183a8a61441cfc0e762d8f1d5e7ac9479967448c376955c9055fb4ee0,0.055800,0.138400
HMAC-SHA256,51,51200,886d7cab7be61fbd89ab0424609644ea641042bcf369bb34a03da04f8df0f657,0.063400,0.144400
HMAC-SHA256,52,51200,5061309adf891c565396a32c7973d9b325c0f011e284ad11d9095f140c39798e,0.065000,0.141800
HMAC-SHA256,53,51200,a8acff0884f6ef5e90a90fca41c8ce1fb059f82405a6392faa57ece51ed2c246,0.059400,0.122100
HMAC-SHA256,54,51200,22b668ec5b43d9236522c923037ac25bec7beab017d3c253523026045d0617be,0.053100,0.131200
HMAC-SHA256,55,51200,1a2d09bab0a58f34ae4ba51cf4068ec882adb88341f137683a1811d647ce01f7,0.052100,0.132300
HMAC-SHA256,56,51200,c786d23eafd4e4f4d6a5a6938704d5b7053bc1b1bb792c43e17468bd6687b025,0.055800,0.160000
HMAC-SHA256,57,51200,315d562bb09dc42a1bdb27e02cff142b35484ad58eba47c53fe74a68f4e939b9,0.053200,0.126800
HMAC-SHA256,58,51200,b7c5da0c8840ee563910ab02da0ca8dc2e469dabe8cbec4317f8255b6cdacc26,0.056800,0.106600
HMAC-SHA256,59,51200,900e870dc6a39568a619e73a21ad771de96de0a6c08b5673de74da4d1cba929a,0.065900,0.123700
HMAC-SHA256,60,51200,5ddef57540ae8f1b26e69917a0940679b3cb833ad8be8f2f63096e6eea746d41,0.066500,0.143800
HMAC-SHA256,61,51200,280c5abfc57e00a688db893b853a735a813228b905c7b0f39828973f9f2a8289,0.056800,0.128100
HMAC-SHA256,62,51200,70b2a57aa75d9421eea58b335935b6c42ca7f44463cd411340ea93396e5f3944,0.058900,0.138000
HMAC-SHA256,63,51200,d671a8a48dae247de1f447dac3a1a68efe5e063cceef8847d82d732e8868b612,0.058000,0.130800
HMAC-SHA256,64,51200,751e9a5ed3562fd4bec577b5c5ba6a95e8843fb1a60f409264ca76470319c089,0.069700,0.111700
HMAC-SHA256,65,51200,9fbd0ef1580bde5ae20cbfcef9874837a0d0cfdee3f1de942094544dca5ddc8c,0.051700,0.138800
HMAC-SHA256,66,51200,aeb9893e014b02a2d78b24a8f7981fd2476c1724beab12f60eab35ae59121fe8,0.055000,0.139300
HMAC-SHA256,67,51200,995136ab7bcef2cc5f049d2bae9fd5d91d3838b0fc424e2a5fd574485196e509,0.053100,0.114400
HMAC-SHA256,68,51200,413a4de1d784e8e04db72cf17b656c667cd8f306f45a27e06e2c4a45a6f577d3,0.076000,0.132200
HMAC-SHA256,69,51200,ec3b497d54b76662039d0ff23c822579baa3c6f23a97cb01a846cdd1a609ffd3,0.053800,0.110500
HMAC-SHA256,70,51200,ba6f3217f2fffd07f9fac20edfc93158138d061ebf08f6b5b9772530cb2549df,0.114400,0.185200
HMAC-SHA256,71,51200,508ff257448c314f2ec344a33a6df92e4d908ceb997c35e04ea6a1f521cd37cd,0.070500,0.162700
HMAC-SHA256,72,51200,00d317f27cc16acd68507657cf2f8418c51dfdfe61b04c44d35cea2bc5ba8095,0.104100,0.223800
HMAC-SHA256,73,51200,b80194c760d8a01f3d50677bf980c6b0f7fa8bf610aa0b5cab77c7e406d87f99,0.078700,0.188200
HMAC-SHA256,74,51200,3bd5d763dc52b23a49f53305b9ae416031baca23dcc7eb73c1e58951bae1d8a0,0.086600,0.160800
HMAC-SHA256,75,51200,ff53af33c14b01a510ca26eddd31c9c6f9e49bc805b5c3c572271f835b49edbc,0.067500,0.134000
HMAC-SHA256,76,51200,49f958247f3b9c7dd78e99f19478ddb372651a426003ba1cfc22b57589e82807,0.075800,0.200000
HMAC-SHA256,77,51200,bac86986ebfacf7074bbfef4b7b285ecca8ec73eec4db294ee1144d57fa09740,0.099500,0.183400
HMAC-SHA256,78,51200,485148f8458f5e825c6d64b2f7039c99a8d28412308ebcf4539d3da3a3f5ddc8,0.100700,0.180200
HMAC-SHA256,79,51200,21ae0e4e774e32fa1061ca6e29dbb8b5f47f94f166aefda807e3f25c122cd9a9,0.100600,0.220200
HMAC-SHA256,80,51200,a6d6b51cf27d59dc73708e182f9cb991aa614153863a2f02d9a83615f3580585,0.130400,0.477300
HMAC-SHA256,81,51200,d6eb3315f795d9457ded7394b5a49afa0dd3228d6812ef7c5acf570f3493532d,0.105200,0.223500
HMAC-SHA256,82,51200,24c54bb5e357d684005cec8606df747bf35e3f008b9ff9b1147f8d806274a5aa,0.104600,0.233400
HMAC-SHA256,83,51200,1017c4d8af7ca69d805bcf9dedaec9f654c47a079098712588927fbfaf2859d3,0.092800,0.222100
HMAC-SHA256,84,51200,1d3619b9aec7e8f779e48280bffdb390450585a41b0b97d5e9f2c2a7f0f15bc6,0.096400,0.223500
HMAC-SHA256,85,51200,1ae8e3dca281d6d08009e5ba4e9b04ee4fd659df336887452f2611016b3a0217,0.088000,0.256200
HMAC-SHA256,86,51200,a044fc54eee977eb2470a1660ae3e9ae38324c4401360a250de51d7b4c96d11b,0.099600,0.211200
HMAC-SHA256,87,51200,d3f16b7ab1ff971523408711c4bc9547a2a05dd501fd2bbc7abf037a8513bdfa,0.093000,0.204300
HMAC-SHA256,88,51200,323000d114dd64da34759d05c4c39d2987b6cebfa9e2c1f42f130c4a8eecd26a,0.095000,0.315900
HMAC-SHA256,89,51200,abe09677159912aedc769b2c8c210a5bb9caf93143718e008aa57dbb83a5758b,0.088400,0.252300
HMAC-SHA256,90,51200,18ab8d3b6e220ea1ef4bee8ee46198aaf5d060b3134aa9dab275733f5fe367b0,0.099600,0.241900
HMAC-SHA256,91,51200,2f7a8675de7fb022f968cca88483920faa9aae3802b785b1f88997700ae0427f,0.111400,0.243300
HMAC-SHA256,92,51200,1118a9d11d4aa99e895ddd7fbc77148276c63af7ecd6a56d76a2be5a795633bb,0.113900,0.232900
HMAC-SHA256,93,51200,6809c95a718bcb459d3a1483b64093548a33fe67ca8a8e0f9fc4e91f2e43c225,0.119800,0.310100
HMAC-SHA256,94,51200,b8963b8727fce4e2d8f044cf078d4b49ebdb7d24aad3f802343aa6dbc740fb6a,0.083100,0.242600
HMAC-SHA256,95,51200,e01902d05bdb0a1a74d36ca15a8be8c3b3f0ea1a8199b7c058631b04cc839070,0.103500,0.194200
HMAC-SHA256,96,51200,fe5d14a264cb7c5b831015aeb875645f60d69a67873a89d4bf2e97081f61dc1e,0.072900,0.166900
HMAC-SHA256,97,51200,d2f44f447091b00febf7a50c53ac156a9a3f930feb4cedcdc540be6b6f7b8b33,0.141400,0.243800
HMAC-SHA256,98,51200,3aef67e2eaf6016c95c2b49a4924146218f46147cd18c672c01f5aa8fd87395c,0.090000,0.194500
HMAC-SHA256,99,51200,ee076738263cac60686c178ffa5147ac37b0e75abd4386847ffe004aa46b8da7,0.088300,0.207300
HMAC-SHA256,100,51200,2af657d400c4f4d5909e2b4b6cb8af11d61171d647b2aea57b65b5db47001619,0.154000,0.188900
HMAC-SHA256,1,102400,021796728809c3ef8cb76b1b11b0c945151b76ac7f453e4fef0231e1f1daedd5,0.131000,0.157500
HMAC-SHA256,2,102400,e645beaa0e50f93f6eede76fc30223b4e70804ab42a9408730d892086bd2ed52,0.122300,0.219100
HMAC-SHA256,3,102400,e68da1fd236c991bb37151317752dce5bbe0ea16f759dc0d4eeaf9ee851c5d7e,0.135400,0.245100
HMAC-SHA256,4,102400,2eed14e25bdcfaa2dc3a89cc990caf728b7ce536d9ad56774874d30888eb6a6c,0.117700,0.295800
HMAC-SHA256,5,102400,10baad0bf4d3ed8ffb27c6977f3a155787659825d17ed5d46bb65073f6f6c0ab,0.174100,0.510000
HMAC-SHA256,6,102400,c582e8eaffdb956f95a511086e4351df2a539445665e9d744bf60c7d82687cac,0.318300,0.525500
HMAC-SHA256,7,102400,b22ff1fd832f888a7328518120d997e1ec9f88de54fcfcecfb7da5ee583263ed,0.105200,0.326800
HMAC-SHA256,8,102400,96b124a0541b00cf6f5f0cb69361a0da777e543150903625b565c0c6dde79dce,0.094400,0.225300
HMAC-SHA256,9,102400,e42ee76606816bb97f8bb651e7856fab11a21d1a7286a71ee976675b2d140bf5,0.103000,0.360200
HMAC-SHA256,10,102400,4755b3525a9b527dde392101bb0de6562a60d65d3ca543fb50547f13f6b0085a,0.130900,0.442400
HMAC-SHA256,11,102400,1a9d4abcc5db86ba1e0552c0f1f484aad80cde5c9c274cf82669546168b7d76c,0.099400,0.273300
HMAC-SHA256,12,102400,56f859dfea0773c8188ad1d53f9c1969e89b8629adc487cee06d859aff6cd4e2,0.099000,0.264000
HMAC-SHA256,13,102400,e1452c51bee4838cb5a614ee6afd06347304eadb605c41d4e3454d67713d30b8,0.131100,0.367700
HMAC-SHA256,14,102400,46f7990d714bc82e4ce5633d71c29b20a029d5091b75dc1df43bba325b7807f2,0.150800,0.314000
HMAC-SHA256,15,102400,e01816f9641ae336780f1cccbba4af225468e07932470114d8e0048b1aa17858,0.086700,0.198700
HMAC-SHA256,16,102400,95475d44b45435dad92c60d8c597e359b574afa8b5c613869f192b2d3697ae9a,0.166100,0.290800
HMAC-SHA256,17,102400,985786e62112bef55a027d7bbe1e7a62486eee5941085651f87283c5ed52eb8f,0.098000,0.283100
HMAC-SHA256,18,102400,50ace4f927fd408e44fd8ca720bd568cf19eb3fc0980b3cd0cb36a4ba6657d60,0.093900,0.252900
HMAC-SHA256,19,102400,dd0253438a2997d82b319da317155edd9f9016a8cc3bc7d1deb2b6287f628efb,0.129100,0.254700
HMAC-SHA256,20,102400,9cc45c8612d5d6475cf21bbb7a8f96c7bebd4609d17537fe5dfae72837268c13,0.091200,0.253700
HMAC-SHA256,21,102400,8af0ebc31131dc55de10adec343478402332feb7ce469dd2fc1e7f5ebdf029bf,0.127900,0.209000
HMAC-SHA256,22,102400,de47c3f055e9c6a185166212a7fc678f24eb8abebd54e0c0990138851ef3e04b,0.117800,0.276600
HMAC-SHA256,23,102400,5635546d428eef2dd2e9e7ed2f5e841330c24ff60fe9ac64a5271b8b6d8898cf,0.144000,0.285600
HMAC-SHA256,24,102400,155ca53d0f3de9273c0deac26410bb54c2e52101859c7523b0875733e2ae14cf,0.138400,0.323800
HMAC-SHA256,25,102400,4a1090a561310173998b5679f6fad66d3a13a1f4a13020c3fa5d7b022dbedd44,0.156400,0.404900
HMAC-SHA256,26,102400,04f8d2210e041f7233142fa6795a333ef0c5cef3b2a8f74ffc9c1d24fb576452,0.158800,0.387700
HMAC-SHA256,27,102400,ddd4b61e77f2aecab48a21d0b97ced9638858cbd1e4171ee8e0c11f408636518,0.166700,0.488400
HMAC-SHA256,28,102400,e85197b50683673c5dc887b77ece981a9be5ac0ff4fb57b87e9952f9ec38140d,0.172200,0.382800
HMAC-SHA256,29,102400,e32ed4038f07d89f197054d873364066d6eb203566280fba640e2e74b1bf96ae,0.185700,0.397500
HMAC-SHA256,30,102400,08af424d3685cc4e96ccf0656e8fc36b2f58b24907030ac59b041063e86c7ec5,0.191400,0.413400
HMAC-SHA256,31,102400,396c6ed56dcf9cadd692ae98b921180a4f675ac1c1667959240dcf7045cb7fb9,0.144700,0.333000
HMAC-SHA256,32,102400,8ac0f990b848e918542ff6e7044f5e46f1e12efc5aab0039097c9f56f8d5aa10,0.107100,0.280800
HMAC-SHA256,33,102400,d69ff560857d84d4966006da2c98641e87edd46f394a8c8d405ad2ac502d59b2,0.094600,0.245000
HMAC-SHA256,34,102400,53dcdabb73e705177cd9ff0c6cac90d9ae243629f34138f3d0c51b0c0f2b8b4e,0.089200,0.194600
HMAC-SHA256,35,102400,614f2a8dd0b71636fa5cb683821ccf5f8ea8a8a06cca9746531c8020123b23bc,0.094200,0.181000
HMAC-SHA256,36,102400,6235a6cf69f8b01e9622604cad5afcb7fec5420540256de2b47cc866dadc4efe,0.095700,0.248000
HMAC-SHA256,37,102400,2f41657dbb60b1aded13fd40a769a97dd13044e6031cdce63f57fc781832e3ff,0.098300,0.175200
HMAC-SHA256,38,102400,092ab53555c3c3c5ccb222c89ff861e5c2844e1d2b2c8280ae33e3c791d7d98d,0.122700,0.260100
HMAC-SHA256,39,102400,76dc184bc955ce9c7f100ee1a0ddfdc971ae6ce525aa3fe0050601d8f25b5ea1,0.094900,0.167700
HMAC-SHA256,40,102400,4a8d28019a9892bc900c4c45d465270168ed5fd3f8022d4fc4ef06ca76356243,0.099700,0.205200
HMAC-SHA256,41,102400,8596541c1df7b11c7a9605d715328eb49153d7cc0c0b289019174684a4c79a78,0.105100,0.185400
HMAC-SHA256,42,102400,3f7715b3833158371ad7f13f613653847edb6af1db83cab71df0aa5547a2177a,0.125800,0.247800
HMAC-SHA256,43,102400,e8093404ef2f3b801d3ab45230df79d359928950ed38f0f758ed49cee58d3e20,0.118900,0.226700
HMAC-SHA256,44,102400,492930b88631ff1c96946582b21bb3b18816d713e1c847056dcf41d1fc034f4f,0.099000,0.266600
HMAC-SHA256,45,102400,65e7912f4804103eaa1ee7e351fea8a00209e6353bef456857cb0bac058993e4,0.101900,0.187200
HMAC-SHA256,46,102400,e12f81fb49a27b4df9f780779cb55e997e81f870f67b99cc8c05ebc7c420fbd1,0.132300,0.197300
HMAC-SHA256,47,102400,7a3e2f2229475d11e34b3bcf07f164cf8920e7cb35469a694295f895753e70f4,0.103000,0.205100
HMAC-SHA256,48,102400,b9851545a7432fb6062605d28c23e89b84a8e3ac162c40efe7da91d2117f98b9,0.093300,0.250000
HMAC-SHA256,49,102400,56559fe74eeab6c919643cf52fe5bc66b5aa40a3f697e02e77ff0c85d7845bb5,0.122200,0.209200
HMAC-SHA256,50,102400,0f43b822bd74a7486e033c7c52be0fc3ceb85ca069f8b7c636cbca7d6dcc92b4,0.112100,0.215200
HMAC-SHA256,51,102400,52a00361da671d8fc9b35bd0d3bea418e227f336ad0b54e7861fd22612c8c523,0.106200,0.217000
HMAC-SHA256,52,102400,926815fd779c6a5cfb2cf04ae057e7d6700efa695fb705ccae111a8240c2be70,0.104500,0.215000
HMAC-SHA256,53,102400,b6bc37c226f6260ae4b4291296da50c78e3f4fe37bb35724d72258cd6d572979,0.098800,0.219100
HMAC-SHA256,54,102400,c8df6ea0efc1476b96c8f1bc326a59f3a8a3a79f461a0749fa555c54b5120767,0.106800,0.204700
HMAC-SHA256,55,102400,57746672819f952261bddabc39564f155bcf576d79fa26f191d0b7267301a84d,0.097500,0.179400
HMAC-SHA256,56,102400,8bcda3c1964dbfa4a619b0866155f87226ef95dbead8845dc94b3d2bdfe9b28d,0.100600,0.278700
HMAC-SHA256,57,102400,eac41b684a7ac64fc88beec07846de900dd1674d9806a6840b5f066b4f2fae12,0.096400,0.179000
HMAC-SHA256,58,102400,64783121c9fe9bb9b8a7efc8082a60c4d4bd5bcac5e08114636c4e01ae9c18c5,0.107900,0.212400
HMAC-SHA256,59,102400,7cbe8782d7355d03fc2f4494f9537aed046025b6c4f4c3142f3c5b4132235550,0.099900,0.211600
HMAC-SHA256,60,102400,b86ae9e0548a3a1501e88e2a114f78a09ae8ea4cc4d8844fb31ea77b8eb9450a,0.087100,0.205700
HMAC-SHA256,61,102400,90828ff6fa7e11da9917d5423291f167db5c8b6c8eaf29ee60f8edb90462be16,0.087300,0.173700
HMAC-SHA256,62,102400,01ccf73f1664079feb4d44fa713d7ef3b358b82153d4b2a58d5523f0018043fb,0.088100,0.177800
HMAC-SHA256,63,102400,53b8677319b16728e1336f50b3a486991ef117dbcd0d67cba461be1e487a8848,0.091400,0.225400
HMAC-SHA256,64,102400,3d053a73c4c2177786111acc0b91830a99579a1ddaa7fc351a24a5748965011d,0.094300,0.163200
HMAC-SHA256,65,102400,c4f97c5b01650de0f660ef8f219d00a6a32ff29078620e1b6b52f2978f6835ed,0.093900,0.169700
HMAC-SHA256,66,102400,40782c0f2d0383efde5520515208d7aadb90ab9ebb178149060b72ef900a72cb,0.093400,0.211300
HMAC-SHA256,67,102400,6279a501a627917620581f74061ec9620afd9a3dd11099e0a7d1520c637969e1,0.095600,0.198900
HMAC-SHA256,68,102400,1681a1c1d6ebdd6a4e859df6facdbac8f940cc024441a669e661ce67d2a7ba45,0.111200,0.174900
HMAC-SHA256,69,102400,3384bb2b75ffd984a05874a1661e9cc8e6c3547626eed12927b07d8fb693ec2c,0.090800,0.213100
HMAC-SHA256,70,102400,56a0b57591c1df64d9455177e12f54f9913027740f17d0949f40b42b39aa4fe1,0.087400,0.166300
HMAC-SHA256,71,102400,2e3172a91426dc618672e0be1174d4c86fdea58122bc9126b21b06b17f189156,0.085500,0.157000
HMAC-SHA256,72,102400,d1caeefdb4d25950a138f06de71261788ea71f0a7f9f947c6da8672afedad9ef,0.087300,0.177600
HMAC-SHA256,73,102400,25b675c056973ba1261ad2d795f79c67309a2f433e85af89abde343c873dae18,0.088200,0.164800
HMAC-SHA256,74,102400,d91f43e40bd65a15fc89da47e441650d2f7bfc24865e9dac0bc754ffd9d9dcaa,0.083800,0.169400
HMAC-SHA256,75,102400,868b8ba2466631db0699434113543af93ce2ebce3c6b73140e899a5731d7275c,0.085100,0.154400
HMAC-SHA256,76,102400,e84d24b0634f32178bedc7142e32ff556b8cafddc465e5e6f11042f921530d60,0.086300,0.188700
HMAC-SHA256,77,102400,a5cbbcffe702a0a248f4820a6004cc068483a06cd4ba63c515a8f3406da9caad,0.084200,0.168400
HMAC-SHA256,78,102400,437808a7f2a31e3fd967de7b700e6849837d285c24a7d856e31b177141caec3e,0.131500,0.203600
HMAC-SHA256,79,102400,fd39552ddb6216dfb0a2250cfafbda044e3100c9c1e1f13deb1a7e4df5e2eaac,0.094900,0.164000
HMAC-SHA256,80,102400,44ea69bc87b99d57f530c65c8080f8b633dbaf7e3b81ea3b59beb760e824d1ae,0.086200,0.156700
HMAC-SHA256,81,102400,5239c02ecebd4d08384e2bcf86ba3ae3f0a523082e6afdae10d38ca8babe7c68,0.084100,0.142800
HMAC-SHA256,82,102400,47a7fbe5765381fe048343bbf2c49022d6f69ee62c25793391bc5bb859705cd0,0.086100,0.172800
HMAC-SHA256,83,102400,6593f0e43ebf96da3bca156ded519c295395b4ce39b34205dd818afe61c07d51,0.104600,0.170900
HMAC-SHA256,84,102400,db513b9756d1812c4b68b10aa54adb5bd757b1802f8cfe765e4a9d633a5ab96f,0.084300,0.166000
HMAC-SHA256,85,102400,7c5565916679499688394c5aaeb57aa4ba617ac03f8bcedda9b95948257f0d75,0.084200,0.157400
HMAC-SHA256,86,102400,baefb095054f9c889b9c7020237616895ab65524d54644c596fbb5ea06074bae,0.083500,0.148300
HMAC-SHA256,87,102400,2ad111c0b409d603306d8ff5363624a8d01cbac41013163e912c8e55df7a0725,0.088100,0.176800
HMAC-SHA256,88,102400,a1524dd1fbda682892bcf2d40617b2b58a118aa30beca719c73181fdd9356f8f,0.086000,0.158600
HMAC-SHA256,89,102400,2844d4fae3fd5520d15e05d980e84ae0c768e21f39d3a9d083c420086c4813f5,0.085600,0.149700
HMAC-SHA256,90,102400,5a8f46b0359cd28dbdb666d5af049ca6d52c56d1bde7afdf3689d69ae9e5ce24,0.094300,0.187000
HMAC-SHA256,91,102400,00a05d224b4a6ac7c15ccd5039116af03af7d8f7365695bcddc408dc702de12c,0.102700,0.201900
HMAC-SHA256,92,102400,71e56befa0052b995ea9fff75d19c58a27d2008e388fc81fceed2eadc84c124b,0.105200,0.196200
HMAC-SHA256,93,102400,fa66cd749094da699732aa58bb57fe5b9c9433004ec10648589dd9b77e2ee895,0.103200,0.186900
HMAC-SHA256,94,102400,bf40a1f1d5feeb888331b8dc0161ea47abc385aa3f429c918c2bcae46adb1ef2,0.106100,0.187600
HMAC-SHA256,95,102400,f185b6b8ffc768babd3c0427b8842d7198bd8d93065032ffdf0aeca6ce854688,0.099800,0.206800
HMAC-SHA256,96,102400,9744f72774a405825a3f30c433ed27cfb12ddadeb55b6e6b02bb1163a474eb7f,0.134200,0.182100
HMAC-SHA256,97,102400,c53ea789e8836cfbcdb8ed140844580e67ef849fbe603104d04bcda536c11449,0.098700,0.147700
HMAC-SHA256,98,102400,e0b566442bc6b51b4b05bd0d6c265e4a3e3f7c60fafe30e6834a843e69a08c9f,0.087200,0.169800
HMAC-SHA256,99,102400,bc4774f8ac98948f19521d06ea2745a542e545812f2da6283218cbda08ce37aa,0.086700,0.154500
HMAC-SHA256,100,102400,4544321d3e738e0d48e96bdcc01de809f575c4ba7e88681343ea44b359fc77ab,0.094900,0.174300
RIPEMD-160,1,10240,4a5d5a120fb12225f2c7e8b5d282e74f1fa7bab1,0.221000,0.055100
RIPEMD-160,2,10240,5337ee5cf85d4d95d29709a174dccd908174ef01,0.112200,0.079100
RIPEMD-160,3,10240,9dc4aa29f1c55a65deb4acd6fc4f721dfee8667c,0.084000,0.079400
RIPEMD-160,4,10240,495f8bc2040346b62e18f4d4899f376d243ef296,0.150700,0.133200
RIPEMD-160,5,10240,9854fa6b185c6fc759adfb9bbdb7b5a7ccbf8bdd,0.104500,0.061400
RIPEMD-160,6,10240,6bd6f41291654d5bb878067a307b8adf92ce52af,0.103400,0.108800
RIPEMD-160,7,10240,45f1873f4994ff2ee1eeb6c93d258e6fbb4407e3,0.093200,0.074400
RIPEMD-160,8,10240,a2b13d971ddd6617b221c2103ca3881acf384110,0.108800,0.084900
RIPEMD-160,9,10240,b08987c14b3b20cb648e8e61f036f54892f6ec72,0.102600,0.083400
RIPEMD-160,10,10240,6f295749c8cbc13cab1045e540df22d0b5020c92,0.070800,0.086300
RIPEMD-160,11,10240,a9579d81bc7ca71c9f8e3866ea2e13f5c84b131e,0.079900,0.066700
RIPEMD-160,12,10240,a4f6c407a23ce2a341d60fa610ca1590df2e7221,0.122200,0.074100
RIPEMD-160,13,10240,284a57d63c25187dcaa8ac143180b95df7960a93,0.064200,0.054100
RIPEMD-160,14,10240,819b6778bce9104c95be72cede0f269a2b36eae8,0.101900,0.076700
RIPEMD-160,15,10240,0a15681c0bad5c9df0278db0be4c593baf6eee88,0.064600,0.052900
RIPEMD-160,16,10240,893277d2d38fdaa4dad24daf4afffc17d5fb5848,0.055800,0.038400
RIPEMD-160,17,10240,f263805d92cd5968a972ea7a8505e59a554c5975,0.054900,0.036400
RIPEMD-160,18,10240,b5ecbb0068e5fbd7e0c1fb5484b731a02b54d90e,0.056700,0.045800
RIPEMD-160,19,10240,686f8b6b061de98b216593376f881e8829f4f2a2,0.059000,0.053200
RIPEMD-160,20,10240,90556f2b2f77842feb0e1cb2f4639b99a4842635,0.069100,0.063900
RIPEMD-160,21,10240,b9eacc1d8acdb0b9c68b7b39ff9684070723ab86,0.069700,0.059300
RIPEMD-160,22,10240,d7e8e6a639216139f5ee1e14e55666832ee9226c,0.058900,0.053600
RIPEMD-160,23,10240,4515ff2a8074f3fb7650cc6a46632df36b169318,0.061300,0.055600
RIPEMD-160,24,10240,1764977cd23b8d9adda5f95dc7054e896be4de97,0.065600,0.061400
RIPEMD-160,25,10240,c66464da0a8dd402a0dc0f31c3c21a845fe8867f,0.060100,0.046400
RIPEMD-160,26,10240,55d76c0f9cd397e2a5f67541e7e7de458d4cacf4,0.061200,0.067700
RIPEMD-160,27,10240,93ace2b279493295167fe1b27e97ed173594fc93,0.061800,0.047300
RIPEMD-160,28,10240,6759e63257311246dee76f4f95e4b2d8c857ffdc,0.074200,0.150700
RIPEMD-160,29,10240,570cf481e0c0fa480b443e0d7678f3a1029940ba,0.057200,0.043200
RIPEMD-160,30,10240,eafd072362040ce5a46d8cae81c2834852fdf63c,0.062900,0.064100
RIPEMD-160,31,10240,6f4ee42114b798510b3b73cb5153ac045511fdf9,0.063800,0.056700
RIPEMD-160,32,10240,7537ff886602b4442ef674b95fe99426aabc3fac,0.056900,0.044400
RIPEMD-160,33,10240,1e5d294f47631c92cb839a30b092067af411bc15,0.056300,0.039700
RIPEMD-160,34,10240,bfd42dca7f429b8e3906fe40a847cc4f1873c167,0.052500,0.035700
RIPEMD-160,35,10240,4f0c8afc087ff94448448d94e389e6283b571e1a,0.067100,0.128700
RIPEMD-160,36,10240,915c25fdd3fd392447f012ad2a6879c1b9aaacc3,0.055900,0.038200
RIPEMD-160,37,10240,b1ea17a68514b9f0a96d4294a6487f3df1a1c574,0.055500,0.041500
RIPEMD-160,38,10240,1d96f496d5f52f2d998a12d8d55d47dd05c987b4,0.070000,0.073000
RIPEMD-160,39,10240,3f99c02241a447483a943cdcbb1bac795859d630,0.055000,0.037800
RIPEMD-160,40,10240,9b03f6ea5f75443cf0932b96fb0ff752c862ee93,0.052900,0.057100
RIPEMD-160,41,10240,b278b7a8774129274995bf506f69586c5ea9308e,0.057900,0.060200
RIPEMD-160,42,10240,99685fe9c714342c27b0a3c029dea61cc3398dd9,0.059400,0.051100
RIPEMD-160,43,10240,668b6e2207c55200f7cc8166223b40a935da2a82,0.078200,0.049000
RIPEMD-160,44,10240,8306465396441f1b151ca0a9733d34281410c9fa,0.054300,0.036000
RIPEMD-160,45,10240,5f25db7ece2acef340abff7dbbd5a954ab80a739,0.053200,0.035900
RIPEMD-160,46,10240,51f9b6f754cbb2d07e6c8be0ef89d29ebdbca682,0.056300,0.057800
RIPEMD-160,47,10240,cfdc5d9e6b20f416df5710300e860c72b85f1c92,0.064800,0.036400
RIPEMD-160,48,10240,654c2386825a637beba6b45813756d2fcb178c47,0.049200,0.033600
RIPEMD-160,49,10240,abea50d73ad93ccf69040a11e730f56365e15db7,0.048400,0.033300
RIPEMD-160,50,10240,c5586092658a09a901be8c61ba4e27587a3368dd,0.061900,0.031700
RIPEMD-160,51,10240,ae4194caa33538e49d8e6a5d4286d0d8d1ec5189,0.074500,0.049700
RIPEMD-160,52,10240,ce8f6c39480b257c2bac23da3b9a46938034a2aa,0.052100,0.033300
RIPEMD-160,53,10240,4f0789fe69e7cfcbd5e2266fb915cfbb9d9abced,0.056200,0.048200
RIPEMD-160,54,10240,b619063bc4e62e7586620cfaef6ab66b2ca8f364,0.056800,0.045200
RIPEMD-160,55,10240,d51ccb863c05b1d1b9b9776469987d768d4fe6db,0.053400,0.034400
RIPEMD-160,56,10240,cc355e1adab3bc40a88902f9eb67105c627b1b5b,0.059100,0.050400
RIPEMD-160,57,10240,397eada91297a835ac557aa4c554a7286db1a2c9,0.070800,0.043700
RIPEMD-160,58,10240,29ef105d1a4db1c907ad1f91c173e6c97d1f35a4,0.054600,0.036900
RIPEMD-160,59,10240,d00e52668834e116dc082d63218c91da7d92ff60,0.057100,0.041500
RIPEMD-160,60,10240,ec609edf7a7b3eabb39b5fca1339c20f6d91d8e7,0.073700,0.052000
RIPEMD-160,61,10240,2caf73fa81779a34c8d0b150026894f1921bc1a7,0.062200,0.055000
RIPEMD-160,62,10240,0a7b6954a2a04f7fea8a2cf475672311ae820917,0.088500,0.076200
RIPEMD-160,63,10240,38fb3e3c4ad87a324faf1bc6a59f9b9613ea8a06,0.064600,0.052600
RIPEMD-160,64,10240,056b6b3c10117d64352b99030dbc59ac94b4f1f8,0.059900,0.048400
RIPEMD-160,65,10240,dd191b654863a36745232e3ac5b4a2fa847073e3,0.063100,0.036800
RIPEMD-160,66,10240,7b4d8edf8ec52e9b7569f3f207b76cd52f72705a,0.093600,0.117300
RIPEMD-160,67,10240,e8feb544ac3f1f81dfa3863c757cd88a3d7927b6,0.056700,0.061100
RIPEMD-160,68,10240,5d6d1ced0510731200fa06a7a1cb16624f5fd6c6,0.053400,0.043100
RIPEMD-160,69,10240,78bc14b49ca2237a3a30d39226229615db6efbaa,0.056700,0.043000
RIPEMD-160,70,10240,ac8217f4891d96623146f37ecf9090dc9d3a640f,0.089500,0.044100
RIPEMD-160,71,10240,c4a4bc5b43a7b4fe1cebc8502d3c14682d66f19d,0.057800,0.048600
RIPEMD-160,72,10240,4af7232ef31041ab4312b1119241e7b4cd69c299,0.053900,0.046700
RIPEMD-160,73,10240,241341efbf541b3f54f22d29b8f5f9b05cf9a321,0.057300,0.046100
RIPEMD-160,74,10240,565b14bc57677a8c8450eeba21633664c26f6457,0.060100,0.044600
RIPEMD-160,75,10240,ba2f8762e692325530c8e253714ba442df592bb5,0.060400,0.046000
RIPEMD-160,76,10240,ed6df6b558d8411ce3afa00dd078c69f4f3745e4,0.111300,0.086000
RIPEMD-160,77,10240,bf78f1c07e2e42efd1db3e716eb55a8bc504c168,0.068200,0.062600
RIPEMD-160,78,10240,4e26101028adea60ba060a362718e8b72491648d,0.083700,0.050400
RIPEMD-160,79,10240,629be777b51c1281c962716ffe7743e0b9d48070,0.061300,0.040000
RIPEMD-160,80,10240,8872818e6fd6a10b6c2a5bd5af985bde55d6b8d3,0.055500,0.036100
RIPEMD-160,81,10240,ebd31d7d415dcc16cb375913950415d7fe110d2a,0.093900,0.031500
RIPEMD-160,82,10240,d9ae690bfe4bf7cd5181f8170dd5b6f8b39e7e0b,0.057300,0.047500
RIPEMD-160,83,10240,68a7c95f2008da05d5c34966a832ff951b3a2193,0.057400,0.040800
RIPEMD-160,84,10240,266fec3c2def5ec119f19b4905002be5071cf7e6,0.053800,0.037800
RIPEMD-160,85,10240,d313e204c5c7d16dff342dad0eabd31e34d3df00,0.101400,0.082600
RIPEMD-160,86,10240,c23a3b79e77b4231ce9cb2c83b3aceaaa92e0142,0.182800,0.171300
RIPEMD-160,87,10240,d2b5ddaf55b6ffa8cb887aad88ebe4107a5b8cb4,0.071200,0.059700
RIPEMD-160,88,10240,422952e7a51a18f5f39599abd67784afea798f75,0.068900,0.055200
RIPEMD-160,89,10240,723e1d4aa93d8401edcaa2bd7af9f4d8aaa0e9d2,0.092600,0.117800
RIPEMD-160,90,10240,8415fffdeb03de36f0d8fcb001ef398552314a88,0.064500,0.046500
RIPEMD-160,91,10240,48678b77390e46f9bea2d09f6b00b6ddc04fa89c,0.066300,0.045900
RIPEMD-160,92,10240,5b0c7542e01bf699db3a50d5c315b8c53a59d584,0.073800,0.049400
RIPEMD-160,93,10240,9a5720cbb7ba8d894c6f8614c838bc2031c7dcf9,0.062700,0.078200
RIPEMD-160,94,10240,06f0eb1921b0b9c40c2efc0b2b713f4503aaf3da,0.056600,0.039300
RIPEMD-160,95,10240,ef057cdb9ab03447c70a8ed101936f95ca9cf2cb,0.052500,0.033900
RIPEMD-160,96,10240,7c98ee63797ce6b270da6d8702d06fe54f88dae6,0.050700,0.035400
RIPEMD-160,97,10240,72052b747e776511be660fa806d9d286a865d390,0.052900,0.032700
RIPEMD-160,98,10240,c7d8d561b236cb895ace98a4523851af8f3900d1,0.059600,0.081100
RIPEMD-160,99,10240,666b273ab4eb49713ac3eced49c0f6e4f500bd7b,0.054700,0.038800
RIPEMD-160,100,10240,b3334c2d582fb6bbd414f206833c5079ffd45fd8,0.070600,0.054000
RIPEMD-160,1,51200,fd6c1fda701e93b67b770dd1e8681c3c576471bb,0.265400,0.102300
RIPEMD-160,2,51200,ebb00de27471a9d727ec044cfb7ad36dc8bcf9cb,0.276800,0.235100
RIPEMD-160,3,51200,ec6196f5034b44a49fd42e0b082e84585b8d34a2,0.433000,0.276900
RIPEMD-160,4,51200,037f2075521b36a642a6cbd7f13192a085daa81a,0.284600,0.184300
RIPEMD-160,5,51200,dda4ea375fab4dd0f2500b6d83b94269463e302d,0.263700,0.140800
RIPEMD-160,6,51200,6dcecb0351594b6b5b26a6d0fe2e7b4896769180,0.223100,0.119600
RIPEMD-160,7,51200,521d1c96cd5dbf82d91d13dd6988710ec3aef3ef,0.221200,0.182600
RIPEMD-160,8,51200,224382cc7614bc8cd29aafb7e0eaec12774ece18,0.295600,0.346000
RIPEMD-160,9,51200,ea6a35dcc7e0b1083003a6719460ee3152d7b93a,0.274000,0.275800
RIPEMD-160,10,51200,878d6675508d6012ba29f6f8c89010ff860d13d2,0.402400,0.307600
RIPEMD-160,11,51200,d64d8ca5ff148c6a05f92c535066a0acc57c4d24,0.216100,0.135800
RIPEMD-160,12,51200,4edd3e844a7b6a8e8b6c337ec800417a8ed94f00,0.215400,0.137100
RIPEMD-160,13,51200,d55a3aed5ea70e6e38fa3f4a10b82122914b6876,0.217900,0.171500
RIPEMD-160,14,51200,a5911c25630bd241447986a33d3bd66563465604,0.310900,0.128300
RIPEMD-160,15,51200,c5b769a06a5f2b5249092933555fa6f8c5fcf3f8,0.213700,0.165300
RIPEMD-160,16,51200,98c20f5bc7a2ceb40961cc6b3f12661302c87342,0.392100,0.135300
RIPEMD-160,17,51200,53afd1abaa77f6206a7fafa5ef6ed3776cb14c0c,0.326800,0.166800
RIPEMD-160,18,51200,79a1554a5b6448768a0849ad90b76242b1b6f896,0.326400,0.198400
RIPEMD-160,19,51200,3bca38cccc2421ac40dd4ab54ace78bb2129c2f7,0.266600,0.151700
RIPEMD-160,20,51200,51ac1d616b8a10bb7a461bf115c4940ba2ea2da9,0.223100,0.156300
RIPEMD-160,21,51200,5f14a4bda93f020e65056a7844948b4b00a55e6b,0.244600,0.168600
RIPEMD-160,22,51200,aec385cf23bcb8a44a0fd7be6f1cd485f9ef16a0,0.274500,0.142000
RIPEMD-160,23,51200,b1aa6d25354d8ec4da67807b4751dc6367141725,0.226000,0.105000
RIPEMD-160,24,51200,f08eecd5718edd6889645566ef0e2c5da79e2580,0.214100,0.171600
RIPEMD-160,25,51200,b29b7e7f908f75e7e41bde99cb68208359352356,0.234100,0.135100
RIPEMD-160,26,51200,3993d3a7f54cae58100607327df3f6f959a899bb,0.196900,0.122900
RIPEMD-160,27,51200,b08904da985c7d5cefaf606d8f6c83760d9aa1e9,0.197500,0.121900
RIPEMD-160,28,51200,039e1b1913dd024545d700aafedb671b2fdb2c31,0.340100,0.211400
RIPEMD-160,29,51200,4390c493db480c1ea1423b1e39af7ca96b0b9664,0.219900,0.201700
RIPEMD-160,30,51200,afe6c2ccdf568300eb4b758b59e4e9cfd4c3db9b,0.192900,0.101300
RIPEMD-160,31,51200,185f2fc9d2bf7604bb0a0f7bc74ded0bd2aa289b,0.214200,0.109200
RIPEMD-160,32,51200,1e4cd0a8f76eb02ffec5d0cd715c69be407ead54,0.211700,0.129300
RIPEMD-160,33,51200,4b14590325844a381f55ab776e103d1a0ef3836d,0.193800,0.115900
RIPEMD-160,34,51200,066e47aa5d7e74338357aa5ccb57e4b95c9f6e1f,0.194200,0.128700
RIPEMD-160,35,51200,8cd261009cea3f0d19c428add460c710f4f25180,0.200800,0.151400
RIPEMD-160,36,51200,ea3876fcb04d53216696be7171da12d11fa83b90,0.195400,0.107300
RIPEMD-160,37,51200,df6c1e8b89387ccf9e5250d663768ec721a47a49,0.197600,0.117500
RIPEMD-160,38,51200,f1380d1c352cbf75cdb4a589edcfb3b8ea01bb09,0.192500,0.137600
RIPEMD-160,39,51200,5aa8dd4246180d79c0da30279934c33a1c1b92d9,0.193900,0.085300
RIPEMD-160,40,51200,11c3df5d1afb5166eedeb1a0c1151c0194f73fa7,0.204500,0.082700
RIPEMD-160,41,51200,2f7b4482595a73782cf67f5e03d97d2bece98b7c,0.190500,0.098900
RIPEMD-160,42,51200,cedcb197ed707708ebb2f6a3ad68d137c4f6c617,0.189400,0.105100
RIPEMD-160,43,51200,fe554b3d440e00c1633cf44618f443f7d855cc51,0.206000,0.115900
RIPEMD-160,44,51200,c47c12f7a550b3367753bcc8148ca47d3ada20b3,0.189300,0.090900
RIPEMD-160,45,51200,3fecdd7d1ff5a51eef30c82bcb9f6a0e23532060,0.210300,0.103800
RIPEMD-160,46,51200,d8596239e44d1238612550665a69a412dedb8f6d,0.190100,0.085400
RIPEMD-160,47,51200,9c819cbb90dbe9e47e8f32ac00fffd5b664c07bb,0.194500,0.106700
RIPEMD-160,48,51200,335810b4ec1ebe1cc63aef8a241c3abeeaf2c6fe,0.207800,0.125900
RIPEMD-160,49,51200,6c49848c340d1ebd2a42474f08f28dcf449b20d3,0.192100,0.110700
RIPEMD-160,50,51200,b22320da1054ecfd0bcc88af4c8c4764e85f6ef3,0.190300,0.103500
RIPEMD-160,51,51200,31f28f246eb3ee8075dfa54ffd7378c3183ff986,0.191300,0.105800
RIPEMD-160,52,51200,f15b9d58971d2314ab68aa11a336c3cc8f0bc276,0.190200,0.093900
RIPEMD-160,53,51200,1169d4e42e551453d7a449c404a6efcab8224aea,0.204400,0.110500
RIPEMD-160,54,51200,d494bfe822088e4f3843fcae12b33a1cfabb27be,0.192400,0.107800
RIPEMD-160,55,51200,df99f2f44a65a0597ace9da27c60fdb89e7af6bc,0.208600,0.143700
RIPEMD-160,56,51200,9c5cb83d82c94876cd28139d34d71df697531dc2,0.190700,0.082100
RIPEMD-160,57,51200,ba9d92f59677ff4a70e9a0f3b4210e20d7d1d517,0.191500,0.102900
RIPEMD-160,58,51200,fe7fda1b94b8253de17bc78b7dc3ec1862edb499,0.189600,0.120200
RIPEMD-160,59,51200,49a15e804c78f042b11c7935c2f8189081380aa0,0.210800,0.140200
RIPEMD-160,60,51200,84cd1a925676a2144604b3c0deb851a854e67b84,0.195300,0.114300
RIPEMD-160,61,51200,3f849099c8f644a0af85389d26dde68f2d2e6287,0.218900,0.123500
RIPEMD-160,62,51200,4a6c6b0df0aa4c7e78b596157d6720cb16434cfa,0.214500,0.414600
RIPEMD-160,63,51200,22337c24cdebfafb71529cc3f3355c0ab20a55c5,0.218300,0.127300
RIPEMD-160,64,51200,696f37b468210c0e377a4858b5a5d692fc5688b6,0.226600,0.141000
RIPEMD-160,65,51200,186a296935c0856997232be4df0742db8bbe8114,0.191600,0.142200
RIPEMD-160,66,51200,59b937e43da00314eac3662b50f5433fa82e8642,0.207600,0.114200
RIPEMD-160,67,51200,4f81dc083b1fff4edcc74887112e9bffc1df5651,0.223300,0.117900
RIPEMD-160,68,51200,b52faf487ec55c3685cad5b532fc6cb567c1e0da,0.196100,0.118700
RIPEMD-160,69,51200,50d0db22dfa3b9b335433827194c3a87f8a5e248,0.191100,0.104500
RIPEMD-160,70,51200,bcf497bbf77aa79ad2a21250e5713a81c1c59f35,0.189400,0.090800
RIPEMD-160,71,51200,bb02baee326abaf78093f6cc614a40143925f974,0.196300,0.121900
RIPEMD-160,72,51200,ae2fd905780f0838c2a93bef5b998abcd47c8dd0,0.207800,0.116500
RIPEMD-160,73,51200,7aaf2bc9d5a282d8ad801901f340eba18eca4414,0.206700,0.108000
RIPEMD-160,74,51200,b69eda7930c151a2eeb109fc88bc594e51bede46,0.196100,0.088300
RIPEMD-160,75,51200,1942e1373b1ff8819bf94874f9bd7a6cc3618813,0.219300,0.139200
RIPEMD-160,76,51200,df30a5524ec77500e81ff679dbf256012bae6db4,0.195700,0.093600
RIPEMD-160,77,51200,b4af39c29b648da975ebba649d92a059da5c9193,0.207500,0.075500
RIPEMD-160,78,51200,1233360f24799048587b565455dc70c215986d6b,0.207400,0.081600
RIPEMD-160,79,51200,0dfe7d0f30d644ffd55c5edc321ea711e2f1e019,0.186600,0.074600
RIPEMD-160,80,51200,d013385d5a2b11da12510c22daece6e35291c3e1,0.197900,0.100000
RIPEMD-160,81,51200,78f3ddc4d0e9200945fe075766ea8c65e69fccfa,0.208600,0.090600
RIPEMD-160,82,51200,4749feb5e89f5e45aa961c26c81a9132496e2372,0.194800,0.081700
RIPEMD-160,83,51200,a76ddfefc895820dccea53ef98e7b6203d5b7192,0.196200,0.085800
RIPEMD-160,84,51200,1da37c432b081368d2df105a987455a7d1c93566,0.195100,0.084900
RIPEMD-160,85,51200,858aef6996bd9704424874d2f63c354863a8eb50,0.192400,0.090700
RIPEMD-160,86,51200,65602cfeff16f515a707e0f0dde9e7af0a0b05c1,0.204000,0.072900
RIPEMD-160,87,51200,10450e1c84542c6041bf9e2af9f11eb97ba8def4,0.194000,0.081900
RIPEMD-160,88,51200,5db5809a3491a96c7993fd003322fa41dc128873,0.196300,0.082100
RIPEMD-160,89,51200,8630d24139474791a0d173c3f842c712bf88914a,0.198600,0.101800
RIPEMD-160,90,51200,84ad5d8da8145391e425f9b50613840b0862dcd4,0.200500,0.101200
RIPEMD-160,91,51200,7b4db6c7e2617e52462377f4fd5eb37c531d6cd1,0.195400,0.086100
RIPEMD-160,92,51200,400e03646e002196f67e82f1fdfe4c00da7e4da6,0.194600,0.086800
RIPEMD-160,93,51200,6e7e555095a07a945cce3d28266c2f6550e78408,0.189700,0.083700
RIPEMD-160,94,51200,9e776b9b58684bcada2b46241841075e90bed736,0.215000,0.081800
RIPEMD-160,95,51200,dd90c570f67f36d994166f2cb65a7feee8500dd7,0.212100,0.097400
RIPEMD-160,96,51200,932c62041c47e7395356dcc71387d12b22a80859,0.202400,0.079400
RIPEMD-160,97,51200,f580fb96239688ad8c4b2b8db44be53d96de51e9,0.198900,0.070800
RIPEMD-160,98,51200,37f3cc6c93df25042257a1b9f694fce05990945d,0.186900,0.072200
RIPEMD-160,99,51200,c984e2ed871af11c4f3ffdd0a925d8e4300b4587,0.185800,0.066900
RIPEMD-160,100,51200,b33313adb160a8d96cb59fd91b12ee712f6307d7,0.195500,0.094100
RIPEMD-160,1,102400,7f6b4e0133680f6702a5c9c0567c1a2df3677827,0.442900,0.138200
RIPEMD-160,2,102400,3280505f9a73c11bac976ffbdfc4f65d52015b92,0.377800,0.147400
RIPEMD-160,3,102400,47bf73a85bfae07af8d57a28f8c1dbb6db543adb,0.421900,0.156900
RIPEMD-160,4,102400,13f6bdf0ce1e97df6c3e29402152b6c21cf47855,0.390500,0.217300
RIPEMD-160,5,102400,4b65211100749c062bc744ed2abc18e6b4141bb2,0.407300,0.270200
RIPEMD-160,6,102400,ad88cc27709347f0500d6ced850c637485b5ec1a,0.384800,0.148800
RIPEMD-160,7,102400,bacb9b59780e79595c68357abe081f12bbb6e9c4,0.377800,0.232000
RIPEMD-160,8,102400,65e402a84c148e098a339f1685a1e5ca32ab7ee2,0.390000,0.219500
RIPEMD-160,9,102400,28607ec98cfe39c14b335df489c2331ea7665f78,0.492500,0.245200
RIPEMD-160,10,102400,4187310b8fd449773577ccff03959010558a7f77,0.363700,0.173700
RIPEMD-160,11,102400,a9c953c8933a586499ceb9836df709d39671c23b,0.390000,0.195300
RIPEMD-160,12,102400,afb8755472c70e15d77efaca63e703b9c6eb5415,0.386000,0.157300
RIPEMD-160,13,102400,84e987f4e724ec2c815785a6bbc10ff32690a3c0,0.408000,0.266500
RIPEMD-160,14,102400,33632a00ec777376b60112c325e14f9073435998,0.425200,0.246600
RIPEMD-160,15,102400,b9ecfc8b3b273be12c2078f223163434edbf608e,0.406900,0.168300
RIPEMD-160,16,102400,291857c881d6f2f041917225c48ca9ba9f97f950,0.449000,0.234000
RIPEMD-160,17,102400,94586ccf46827d0597a57eafc5a9e844d847b20d,0.530900,0.257600
RIPEMD-160,18,102400,0ab9728f5cb7c54b9df72c77fe756dc48e22dcd1,0.577600,0.253400
RIPEMD-160,19,102400,691aebf637821cd8c1391c952d8da1a3aa85533e,0.525000,0.246300
RIPEMD-160,20,102400,e7772b86ce24a51a1990ba24d0c622ae62884d7d,0.807300,0.411300
RIPEMD-160,21,102400,716e156b922f978210971c64f8391055c06ad301,0.374400,0.186200
RIPEMD-160,22,102400,a803d3eca26cad48d3c400db0dd9d15665366932,0.454500,0.158900
RIPEMD-160,23,102400,4655d7312ad621d9dc2c72206c3fbfd3fd8d4f82,0.437600,0.136900
RIPEMD-160,24,102400,f98a7a305faa53d816362d5377bc28098684951b,0.371900,0.174800
RIPEMD-160,25,102400,28da407c2fa04bba7db76b193e4e3ea629e0bb79,0.631200,0.296700
RIPEMD-160,26,102400,728d531843719275f12ab493a032e473e7574463,0.371600,0.141200
RIPEMD-160,27,102400,31cead7d413a890253d742607b86d910561e2101,0.379800,0.131100
RIPEMD-160,28,102400,a6891502a1478913ec2a1033a6d5d9229d9fa943,0.378200,0.137300
RIPEMD-160,29,102400,82e31a5fe711340a7302e34160c057d4c44cfaff,0.362100,0.153100
RIPEMD-160,30,102400,42043335cfb5335922c61474818d6023ddb2e5bf,0.362400,0.141900
RIPEMD-160,31,102400,a47b3ada944493803e8af072b764504aba61d20b,0.397400,0.213300
RIPEMD-160,32,102400,1239b2c18245c1faaf83117d0c31aa81634b91b8,0.369700,0.172400
RIPEMD-160,33,102400,5ffd798f1f003b2c29028ca8b356bbad78478210,0.406900,0.198000
RIPEMD-160,34,102400,37ccf0407882201a6c534475297ee8037d675bda,0.393800,0.184800
RIPEMD-160,35,102400,21eb6d26212bf42db989b2e50d8c9e6403b509fc,0.389400,0.160700
RIPEMD-160,36,102400,aca95ac242d2877edce2b546b75aae7265bddd53,0.364200,0.255900
RIPEMD-160,37,102400,a27d1dad1676448852f391e587ca46dd566b1a48,0.383900,0.136500
RIPEMD-160,38,102400,bce0c05dbc3aa3ba084d8cc0bf5ddf053b29792a,0.650200,0.406700
RIPEMD-160,39,102400,e9693dd27ada84b061a7dad8f6957b4c91ab25ed,0.390700,0.151000
RIPEMD-160,40,102400,b39a27b10ead2d23eb762527cb2ce2ea0382b2c6,0.382400,0.115000
RIPEMD-160,41,102400,b105435f959b31ed2b664fde01b77b9317755d0b,0.380600,0.127400
RIPEMD-160,42,102400,8a5080ae37bceb0de07aef5ed458ce0d18af9c9b,0.376300,0.129300
RIPEMD-160,43,102400,4724808a92b4146e66308b6333cf87d69cfa9ef2,0.387400,0.136400
RIPEMD-160,44,102400,7b68d5777b43df0596af6167beaf68e9a4a956e1,0.376800,0.117100
RIPEMD-160,45,102400,4d37792394eccba4e9e9370bc21cb505e2683dde,0.378400,0.128300
RIPEMD-160,46,102400,9f672ec98b5a6283160d1940c9da476c3a3b6e04,0.489100,0.138600
RIPEMD-160,47,102400,dc7d9a68678cd56c8e7d6bd544c168c9bf2c68a7,0.361800,0.125200
RIPEMD-160,48,102400,ad80a0f53acb83f413eb757cb1f8726b1662e39d,0.376800,0.137600
RIPEMD-160,49,102400,b434fe4cf9f309d696d7c6cbb7b7558af9466a57,0.373600,0.114800
RIPEMD-160,50,102400,b7a7957864374e78f16d2b5fe5959ae37aed0e3b,0.385300,0.125800
RIPEMD-160,51,102400,12ed90252b41bb5bd931597fea3e603f9b713be3,0.360900,0.123600
RIPEMD-160,52,102400,5932f18d2899a42227dd527cadef6cd36ad50fb5,0.393100,0.162200
RIPEMD-160,53,102400,a109f9b7989c2b39180d62bad0de062b45dfe3b9,0.385700,0.120000
RIPEMD-160,54,102400,65e6ee56f12ac5f6b182fcdb8f0a79dd445e0e8c,0.381900,0.162800
RIPEMD-160,55,102400,09e2352664147fa16323ed3b625e486d5919581a,0.383700,0.125200
RIPEMD-160,56,102400,445e5783433f94440b769b6418304853b5193a01,0.769300,0.311700
RIPEMD-160,57,102400,740d39365200eaadd0b38d0cbea44e1050ec8002,0.378800,0.139900
RIPEMD-160,58,102400,745972fb0aa86135ea8a3e57ae2435735175be3c,0.408000,0.132000
RIPEMD-160,59,102400,a7b572f00880cb5a0ad1e631406eb218889f198b,0.373500,0.113500
RIPEMD-160,60,102400,5c3d81ee80d73e5e714210b8fcacb1af5b4d4d17,0.631200,0.266900
RIPEMD-160,61,102400,efe521c18ce08480d2d9de66a833ef6d1219add8,0.433800,0.142100
RIPEMD-160,62,102400,a09f73ea0ad634e7a194318d043e0a0deaa8f591,0.417600,0.121900
RIPEMD-160,63,102400,d62df5d32f4c6ea6f7064f100125d66c583ff42c,0.393700,0.128900
RIPEMD-160,64,102400,5c481e80489af95b02fade0831a40b2a169c3fa7,0.395200,0.301200
RIPEMD-160,65,102400,d8fa1abb68aa0830834b8b61d103a5cbabda62b6,0.379500,0.106300
RIPEMD-160,66,102400,c38fbb4357decd23edd22b03126f134a84d81ab0,0.384300,0.152000
RIPEMD-160,67,102400,b793f2429276da99a61331fdb67206bbcde084df,0.386100,0.133600
RIPEMD-160,68,102400,aab27120c6052b25ab58ef86795a3026fd06a804,0.461600,0.136300
RIPEMD-160,69,102400,3412f5433a541931dd7894fd68e5f5e8286dbbf0,0.379700,0.171500
RIPEMD-160,70,102400,f49f8166094ba4a803aeb9b2eba15c50679820e5,0.401700,0.147400
RIPEMD-160,71,102400,c8464165c25f96b44c9440b609097a7fe68ebb91,0.407200,0.162500
RIPEMD-160,72,102400,2d3553cd6e1efda08a4546849e4d734a46a11b31,0.445400,0.179200
RIPEMD-160,73,102400,80d8ca5c36ccd29be86c321cd5f4d070f43f4678,0.426300,0.215700
RIPEMD-160,74,102400,db85e98be962526349983c40f22150ad43887237,0.400600,0.134200
RIPEMD-160,75,102400,78fb3356232beb3920bdf100d3fd27e9c1f8114f,0.404100,0.145100
RIPEMD-160,76,102400,8461c5a1f9ff0a1eaf80972a297955653f56d207,0.388100,0.122400
RIPEMD-160,77,102400,5b0500b28edbf7f94915989c9c76baf7394d812e,0.403500,0.172400
RIPEMD-160,78,102400,44dcfef2bf9d7f1867da8bee145fe48e6126b761,0.402100,0.168000
RIPEMD-160,79,102400,271bb1011b40c8006258594697701afb8368af7e,0.409900,0.163400
RIPEMD-160,80,102400,b0ce7da9465572702217434ef8d4bfaaf73902e1,0.409700,0.166400
RIPEMD-160,81,102400,6ba43eb840ba56a23a4b3f4d12cfaee9441624f7,0.417000,0.159900
RIPEMD-160,82,102400,cad04f7794c34886ec83ed3c98ce5e7713c1e06b,0.409200,0.176100
RIPEMD-160,83,102400,d932adc82f8fcfa3b7a164c311f3691e5b41abfe,0.443500,0.174700
RIPEMD-160,84,102400,0423ee7e52a81b2dbfcad655efba245f5138b40b,0.398500,0.200100
RIPEMD-160,85,102400,f29f261b63865bc3cb6e4f62d32e3f13cc299acb,0.395200,0.151200
RIPEMD-160,86,102400,ea15de8a02b77dafc1a1f2f9b792a8fa130d5ef6,0.395800,0.172500
RIPEMD-160,87,102400,7da20bc6ad49f867d702c7b205a1a9a9d500b1c5,0.425500,0.175300
RIPEMD-160,88,102400,336e4085b9048117beeaba424355512c0853a8cb,0.548200,0.198400
RIPEMD-160,89,102400,7912802ba01cfa082405b9c69336beb1443ef253,0.412600,0.186500
RIPEMD-160,90,102400,a0912af70fc1319b47dfc4afa1efa487d185b745,0.416300,0.212300
RIPEMD-160,91,102400,89a70ad6049bb2fa0a90918556800630af0c6635,0.719200,0.226000
RIPEMD-160,92,102400,3833c7e22063cc418b90a0b64e8275dc2e505886,0.499800,0.211800
RIPEMD-160,93,102400,5e98db81e243c0ab57a2fb3d5cfc64c9c3fe6a68,0.591000,0.328000
RIPEMD-160,94,102400,a638d5fed6e06fe2807a34ae3b13fa588ec1491f,0.445200,0.194200
RIPEMD-160,95,102400,c1d896226ce1f4fd79b350e5cdb537c5220c079f,0.416200,0.166400
RIPEMD-160,96,102400,35368132b6226b1ea681132eaeb189fb12b747e4,0.557400,0.399700
RIPEMD-160,97,102400,1236d12200a5796b2ae510cd98c2b2576fd24abb,0.408400,0.198900
RIPEMD-160,98,102400,81fa899b83608ad7f58021f4fcc4f4d9a134a8e6,0.422800,0.228300
RIPEMD-160,99,102400,5a117afd485b969cb859f5c7add1eb21394cd06c,0.579700,0.177000
RIPEMD-160,100,102400,774f4b9dfcb36d117ea274b713373518027d9c9b,0.398700,0.162500
AES-CMAC,1,10240,5766396d2e6a5ac91ea13af8c4be3df8,0.446000,0.044400
AES-CMAC,2,10240,58fbfa9774a4f8de1af67b823294a4c3,0.216400,0.083800
AES-CMAC,3,10240,bb0182e094009d6841f7af528dcb99cb,0.171700,0.078300
AES-CMAC,4,10240,1ae8076b7034a32a916f641c68c036d9,0.199000,0.087600
AES-CMAC,5,10240,f9b490836866d62deb8f6f41d3ce2c3e,0.400200,0.330200
AES-CMAC,6,10240,633075995e3845fa7bd915a09c6b0ef3,0.317100,0.204400
AES-CMAC,7,10240,4014e4b0b96208df76bd152ddf6a45f6,0.243000,0.205600
AES-CMAC,8,10240,886b17ce1c837c982508a1822412c43d,0.194600,0.081200
AES-CMAC,9,10240,ce162798eb76cccb1362bb3887d31415,0.160600,0.068400
AES-CMAC,10,10240,21ac48bbdfd455c7d333f5415077fef5,0.164700,0.069500
AES-CMAC,11,10240,e204f957e3a5dfbce073c36347f06008,0.157500,0.068100
AES-CMAC,12,10240,3a38adbf60c067ff8bf237d57aa8d5a3,0.215800,0.100800
AES-CMAC,13,10240,3807876be9da84acdd8e21b47ecc8934,0.137200,0.057900
AES-CMAC,14,10240,0eb8111f220cc26c5689fa1746934d98,0.108200,0.045000
AES-CMAC,15,10240,e0e0a692395100be5b03a58f3ed57f98,0.100900,0.054200
AES-CMAC,16,10240,27e0241e95b7b8b4bef0fe781820f4ee,0.098400,0.035000
AES-CMAC,17,10240,8d5b46a4938b25e80ad137834e54e804,0.079500,0.033300
AES-CMAC,18,10240,66fe541dcbabce1557de18fa9ae9fd3b,0.080200,0.034800
AES-CMAC,19,10240,facd3f7deaf21161c4d0793bcd2f3fec,0.097400,0.037900
AES-CMAC,20,10240,9615468918bafeb47621713cfe1f8b77,0.090400,0.037500
AES-CMAC,21,10240,b151d8a84f488c7125b9aa4a5e4870c9,0.078900,0.034100
AES-CMAC,22,10240,ec3e9451afa4b8439eac0d3dd4e06e10,0.101900,0.044100
AES-CMAC,23,10240,aa871f269a0f9a334bf7483d1e621e09,0.115800,0.046000
AES-CMAC,24,10240,7ee0ae9e2e8dd854c6a85ef201a9de64,0.090400,0.039200
AES-CMAC,25,10240,31d1be2ad703c560dbd97d537e93755f,0.097600,0.034900
AES-CMAC,26,10240,d808bc51ee5d8ee681bf219f6862957b,0.127900,0.057600
AES-CMAC,27,10240,ae21182057c8ac6513415fce38bff935,0.111800,0.054400
AES-CMAC,28,10240,e6ab5da34b99f506a4adff6e6e1ec436,0.108100,0.051800
AES-CMAC,29,10240,1aed23ad4f19da0aecbb49df7d01e2c9,0.126000,0.073400
AES-CMAC,30,10240,69c89fdc0d95652ea69cde3071dda559,0.126800,0.067600
AES-CMAC,31,10240,d8a4ec2ce2fa8cfa04613a231febdf74,0.135000,0.057700
AES-CMAC,32,10240,a0a3a92cd9fa6d6fc2f53860e3df26c1,0.109100,0.045500
AES-CMAC,33,10240,a600b9d18f346cb99b4feecae4caf097,0.122800,0.090000
AES-CMAC,34,10240,a571a37b53169f01110f92e4a41b02d4,0.132700,0.069800
AES-CMAC,35,10240,7a4ad6a1cc2ca5dd3ed60a474959cb0c,0.110900,0.047900
AES-CMAC,36,10240,5974d3da95c1698bf873d9babdecec47,0.134600,0.089000
AES-CMAC,37,10240,f5b437f0871582dbb54fcf42ad04cb10,0.103900,0.045700
AES-CMAC,38,10240,c24fc12727c4aa3f4d1751d5700b2dcd,0.133500,0.077700
AES-CMAC,39,10240,52dff022b4a94fc5f46f0c2a8a466c6e,0.169000,0.109900
AES-CMAC,40,10240,61e66a4cb92002bfe4018cccb98cb902,0.158600,0.071800
AES-CMAC,41,10240,3b5c6e1110c72f815d3619ad2400d98a,0.165800,0.068200
AES-CMAC,42,10240,1a0add9d720a887e94190e9033744039,0.158700,0.073100
AES-CMAC,43,10240,55935fce3201715a5a3ecc1c737f848c,0.177800,0.083100
AES-CMAC,44,10240,426351d001eddaa274a6e3946291361f,0.183200,0.091700
AES-CMAC,45,10240,5193120aee032151996fbadbfbb31f60,0.176500,0.085400
AES-CMAC,46,10240,f75d0729c8a4cfb01f4f4e35da5f8501,0.161400,0.084800
AES-CMAC,47,10240,71c1fab2f698c70507d2e26501d6d2ec,0.168700,0.106200
AES-CMAC,48,10240,afa670b74c149ae2576306e1124977b5,0.185400,0.083100
AES-CMAC,49,10240,5e445ff3fd88179def9c8e15f5e766a7,0.174500,0.072500
AES-CMAC,50,10240,844821216ad8200ce6c1cee11656e2d3,0.275400,0.134600
AES-CMAC,51,10240,b7f7d7ce210840608e5f91c20967adc8,0.228000,0.199700
AES-CMAC,52,10240,82ac73b4cd450453a437414681ca4d19,0.148300,0.065300
AES-CMAC,53,10240,3d90114fc6d3e25152b7e3ef7b4a90bb,0.169200,0.069000
AES-CMAC,54,10240,4d2d52421891c30d843e814618f725f4,0.249000,0.071900
AES-CMAC,55,10240,308fbcce149fe787d91b0f7c2f817acf,0.104000,0.046500
AES-CMAC,56,10240,c324f162eadf950f17d759c768a8888f,0.135900,0.063300
AES-CMAC,57,10240,542a5dfa372e2bbb184f2fbfa37e21c3,0.121200,0.054900
AES-CMAC,58,10240,49a118dbc88753e696512ca1f0b30cad,0.127300,0.059600
AES-CMAC,59,10240,9ce963d1b759f7292d729ed6c1c409f9,0.119600,0.054700
AES-CMAC,60,10240,c4d6823ebfb18c9a10f70b6102a623b3,0.116000,0.054900
AES-CMAC,61,10240,21c460fc05d0a5a75866745215407d39,0.099500,0.044900
AES-CMAC,62,10240,338fc562dd09315b353b7794f480a00b,0.087800,0.042100
AES-CMAC,63,10240,25be4f79de2ca58102e0712f72d54061,0.237200,0.067200
AES-CMAC,64,10240,961bf4a100bc5115b9511788535e649d,0.272000,0.071500
AES-CMAC,65,10240,028746b1b391a3f65cfefbad4cfad26e,0.108200,0.045600
AES-CMAC,66,10240,69f50fca33a157cced85fc6b9c35cf3a,0.108100,0.050300
AES-CMAC,67,10240,71e8f51e0711cb51ecb5f1615140e16e,0.113600,0.054200
AES-CMAC,68,10240,56b811f0b5dabc2b13d553cf705d68ef,0.136800,0.043800
AES-CMAC,69,10240,5e91a0db9ea42ec6041407d7bf336501,0.121600,0.051100
AES-CMAC,70,10240,d1c02ee42a14ff003e55fe4efd59c138,0.130000,0.051900
AES-CMAC,71,10240,71300ece5a719adfdc741b8e9eeec98f,0.157600,0.080600
AES-CMAC,72,10240,b21e302145c0c2185c2863246ca5dbc7,0.102100,0.044800
AES-CMAC,73,10240,584aa6f6f51d919eb476824bbcfceba2,0.263700,0.157000
AES-CMAC,74,10240,9c970bf9b94fc9d3bda5f5bb2b840758,0.109800,0.050400
AES-CMAC,75,10240,b7242793a7e4db2da6b23525c1e5df7c,0.103100,0.042400
AES-CMAC,76,10240,54a73ffd9df2ec59e49ba4bc7539d8a4,0.103800,0.042400
AES-CMAC,77,10240,f83787fe609b27e16ac04808084d33dc,0.158400,0.075100
AES-CMAC,78,10240,b2ec9253c0567173e898233cbea60fcf,0.104100,0.069600
AES-CMAC,79,10240,9e9e2cc89d240a39a6defbd925a57fb5,0.092500,0.041700
AES-CMAC,80,10240,6810be86de0c9dda89b349938738cc3d,0.091500,0.038900
AES-CMAC,81,10240,5ac873e83ccf59e4c9f2c6cec41a0d77,0.081000,0.035100
AES-CMAC,82,10240,1d181947a5699313f89e92c4430071b6,0.081200,0.036800
AES-CMAC,83,10240,1ebc213975ec510eeee84a38a21f493b,0.098000,0.043200
AES-CMAC,84,10240,b5f5a9632a0ab458ec957be010b334eb,0.104300,0.044900
AES-CMAC,85,10240,dc8dcddb1aae1be541ab13222bc47038,0.102400,0.040700
AES-CMAC,86,10240,4816d2656677c9f81a27246b5fdf3a3e,0.125400,0.045500
AES-CMAC,87,10240,28c16ed376ca8b66101b60ff716b41f5,0.132200,0.038500
AES-CMAC,88,10240,9900cdf245475e47318349c8d7b8b2ac,0.100000,0.042700
AES-CMAC,89,10240,128cab6ec46878db5584be760804e30f,0.206500,0.105700
AES-CMAC,90,10240,1330498f6b3a2d8a5e1a89d515397106,0.095700,0.039900
AES-CMAC,91,10240,d70c190ffdac9df61983f641faa43c31,0.101100,0.041800
AES-CMAC,92,10240,4017407a9a899fa35861395dfca9881d,0.091400,0.038200
AES-CMAC,93,10240,ed37407590f3e4d37fe3c7b0e3b385bb,0.103300,0.044500
AES-CMAC,94,10240,3aa954e51d23472622a25f8907491c8d,0.094300,0.039700
AES-CMAC,95,10240,23954ac1e406c52b9f0547dee7363d28,0.097700,0.068100
AES-CMAC,96,10240,f1a5521e28a88470c61913fe09ac80b5,0.084600,0.038100
AES-CMAC,97,10240,b75bd3af2db28d502b299e3e4664d422,0.159900,0.077100
AES-CMAC,98,10240,54f902c14fbc911451d2953658f44a77,0.099700,0.041900
AES-CMAC,99,10240,21498af6ac6c2614cf87d9cf6874b77f,0.089100,0.036500
AES-CMAC,100,10240,016f0d0e3d5c62fdea6ed49571d0f8c0,0.091300,0.038300
AES-CMAC,1,51200,7818ccbfe9198d91e7c413635ce0a14b,0.385900,0.050600
AES-CMAC,2,51200,e9c5e48f7b45f6f786fb3bc61c348731,0.257300,0.101000
AES-CMAC,3,51200,0460442687be7da998cb211152ef5452,0.416600,0.177900
AES-CMAC,4,51200,fae21973e228ef8321f0a37635ab24e8,0.266700,0.125700
AES-CMAC,5,51200,411482da284d36663bbdd5bddafbf6e4,0.277500,0.149400
AES-CMAC,6,51200,76d4f736cf431bdb8528dea828fa0a0c,0.253700,0.094400
AES-CMAC,7,51200,4af40f8cb94e079e8d5f12dd3e8668ee,0.259900,0.140400
AES-CMAC,8,51200,71b1f4adce70d1108c0901cecb7ca9f7,0.226200,0.095700
AES-CMAC,9,51200,bd5abfe82c667b30a5d3580083d03421,0.297300,0.171800
AES-CMAC,10,51200,b2a2cf0c585fd169ab50c4a13d0ee2f4,0.214700,0.097700
AES-CMAC,11,51200,2d90bfeb8c79bfde71b9e406a86e6d6e,0.183100,0.082600
AES-CMAC,12,51200,a3eb7a9f5216607a9e443e44b35637c4,0.180900,0.091400
AES-CMAC,13,51200,a45a35651ebf30988b5da913a1d26732,0.176300,0.106300
AES-CMAC,14,51200,a1af775a596baf776e67c34db248ab9e,0.305800,0.112700
AES-CMAC,15,51200,f7aa4000648b97dbf3930fb352cbd1e5,0.228400,0.097100
AES-CMAC,16,51200,e103e56b712d244f004ddac7f10bc29f,0.198900,0.085400
AES-CMAC,17,51200,245773f14b9cc11956a65ecc3db23ac4,0.200500,0.080900
AES-CMAC,18,51200,5d3a5ae740f5362c3f495dd418b3dcce,0.188600,0.080000
AES-CMAC,19,51200,297ddf66958cd5b4ddbd9fc79f7fe7a1,0.164700,0.065300
AES-CMAC,20,51200,0a140485c54085827698b6e2a6cbdde7,0.183600,0.093900
AES-CMAC,21,51200,b241c332e2afbbf551c1a1f6e099d99a,0.209900,0.108100
AES-CMAC,22,51200,82921556950e040be0811c779d1c5c6b,0.204500,0.087200
AES-CMAC,23,51200,14100d735976847b6b18d9edd1b834b7,0.188200,0.090500
AES-CMAC,24,51200,bfebb2f3926abc9ba421865b18417633,0.361500,0.095000
AES-CMAC,25,51200,ede9dedede4041d896b813d726229c79,0.199000,0.097700
AES-CMAC,26,51200,f43c60a45998ee481e1ba712d85d9620,0.193900,0.080700
AES-CMAC,27,51200,d137fc54d7bf6a6cf6d4dc246b94c07f,0.181900,0.083100
AES-CMAC,28,51200,a2bd5363857a658933d1c3800fb0f029,0.181600,0.089200
AES-CMAC,29,51200,6da2e797d4838135c6e4a592f33b058a,0.164900,0.087800
AES-CMAC,30,51200,42f1d131b4c9d198ea362887ff78d547,0.161600,0.110000
AES-CMAC,31,51200,a26860145d093edf928b0d8ae87ce901,0.184100,0.069800
AES-CMAC,32,51200,ed4a29b585b363b282be5ea13767ff51,0.157900,0.064800
AES-CMAC,33,51200,88710bdf78756feeeffc752efa66fe36,0.179600,0.084300
AES-CMAC,34,51200,b23737e100ca171c00481b9e095fda5d,0.178100,0.073100
AES-CMAC,35,51200,4ec1af6a40b9e69fe6e6c727b484661d,0.174200,0.062000
AES-CMAC,36,51200,5deea628952291a6e06bfa47abe355fc,0.165100,0.074800
AES-CMAC,37,51200,73a2063c9e6404e2feb1495b3d6b0ced,0.172000,0.071500
AES-CMAC,38,51200,f5c4d6b26d82823bbb63f03ba11ed88c,0.190400,0.077000
AES-CMAC,39,51200,9d8c144182c78a952766cc805390e10e,0.166400,0.093900
AES-CMAC,40,51200,6c779a648fafabce3d8aae3d081190af,0.205500,0.083000
AES-CMAC,41,51200,2f9b53ee9c43c3f01a17bb6e25c28c9a,0.173600,0.089900
AES-CMAC,42,51200,9c8721e28c2d5fee95b38fe552f78830,0.170200,0.078400
AES-CMAC,43,51200,7a2f0605b07c018e3546e83804224805,0.290100,0.138500
AES-CMAC,44,51200,4b8f3f1f711b1846927e7451d75d7f98,0.293400,0.118900
AES-CMAC,45,51200,5058e80b0b4b9ed971a43dc25c458268,0.192000,0.091200
AES-CMAC,46,51200,f9ab54386e4586458d6e95ffcdcde53f,0.278400,0.086200
AES-CMAC,47,51200,f2685a456aa83925a2289a57c6c357ef,0.180200,0.128700
AES-CMAC,48,51200,288fa350a79de93b63f50ba212e2ba54,0.180100,0.069400
AES-CMAC,49,51200,e5b5fef754ed0cae96e68492a6bb6e13,0.204300,0.079700
AES-CMAC,50,51200,17b67cdff8309a0e71dc856592d1c8d2,0.178700,0.084900
AES-CMAC,51,51200,9140f907176b5e8b414cc310e38b4878,0.157100,0.066700
AES-CMAC,52,51200,3bbc5da0e9e51a56762487fafa6e31c0,0.183200,0.091100
AES-CMAC,53,51200,b38de183fadacbbde4f9cc3310f0dfc2,0.238400,0.113200
AES-CMAC,54,51200,037fa93ad852745a769069ea69ce0277,0.247000,0.113900
AES-CMAC,55,51200,fd243b34ceb004208b7ee69b9468f00c,0.204600,0.097700
AES-CMAC,56,51200,dd0aec13566f99897636aeacb9829be1,0.187600,0.080200
AES-CMAC,57,51200,f25cd042b3c19b79fd0e8f6dfeaa880f,0.165200,0.066000
AES-CMAC,58,51200,bde01f2e8bd41917567c33b749b50d8c,0.185000,0.093500
AES-CMAC,59,51200,04ac815342954f9ad949b5a7cbbc7c9b,0.180900,0.083600
AES-CMAC,60,51200,c6382eb764042b768fb0b65c673b0bca,0.208100,0.083000
AES-CMAC,61,51200,2543b5fd6c8c0e1823413522c4a48fbc,0.224000,0.075500
AES-CMAC,62,51200,e7c5368e9480d877ee9cc152e35c8073,0.179500,0.084400
AES-CMAC,63,51200,7c762442f790972db3313cc5649cafe3,0.182000,0.079800
AES-CMAC,64,51200,83d2f2ecfdd91bcc8035c926b6ded0c1,0.200500,0.079000
AES-CMAC,65,51200,1eb21cb6d1b0fc6ad8e59ad90837c02d,0.166300,0.083300
AES-CMAC,66,51200,d712530f9325fcfcb8f4ebe0082f0ee6,0.177600,0.086500
AES-CMAC,67,51200,9f6998b7e10403f9b3aae2e0fd151383,0.183100,0.081600
AES-CMAC,68,51200,6a1d2cec2d67bc357a28267d8f2c9394,0.186300,0.118600
AES-CMAC,69,51200,2445869c012bf449218d8ca7b72ad739,0.176200,0.071500
AES-CMAC,70,51200,48b0cdb633e39bf9b6baf7c5f9b22163,0.168900,0.103500
AES-CMAC,71,51200,e937f85b7168b235f540a9722aa8257a,0.167900,0.072900
AES-CMAC,72,51200,c83b4ff7dd9b17a2dad7add0b74653e0,0.195400,0.105400
AES-CMAC,73,51200,c52631965b9627932cbd62de8e359349,0.352000,0.161200
AES-CMAC,74,51200,eb4369f5d5e8a2d87c304dc964ef374e,0.191200,0.082800
AES-CMAC,75,51200,9c94c9f9762b125228c92cdb7b5e987e,0.184500,0.069900
AES-CMAC,76,51200,06d96bf22d4005131a01c844e52b541c,0.203700,0.086900
AES-CMAC,77,51200,e69f9d9bbfe86be538df5d658d6aeb51,0.193200,0.076800
AES-CMAC,78,51200,652d924515a606df8955317c5975e729,0.165900,0.072700
AES-CMAC,79,51200,b09cd5181bd131c4c87e185484b49002,0.180000,0.078700
AES-CMAC,80,51200,68df365925e5c5fa02900a2fe669fec6,0.180800,0.083200
AES-CMAC,81,51200,0138efca62dd8ab7fe503240202f9bdd,0.173500,0.070500
AES-CMAC,82,51200,dca9155c7ffe10894afa2a026c449a46,0.190700,0.082200
AES-CMAC,83,51200,fd0ce0909b0453504d90726fe7229e6b,0.157800,0.087400
AES-CMAC,84,51200,06a930a15dd110e9a6d2cb0886a6f6ce,0.196000,0.081900
AES-CMAC,85,51200,f82c95465c611f6715406d50351c64d0,0.175300,0.076300
AES-CMAC,86,51200,fcfa298042f5f7a837e945898b4ac7f6,0.200500,0.097000
AES-CMAC,87,51200,0609f09cd83436b9162b92c311dd6eb5,0.173300,0.072800
AES-CMAC,88,51200,14f5f4f850511c1021dd44785b668219,0.177900,0.091000
AES-CMAC,89,51200,d5f14010d79bd1f918436d7fb104ff79,0.166700,0.076000
AES-CMAC,90,51200,cd8bd55a1acc1cc7e8639e5321a6e923,0.178700,0.073700
AES-CMAC,91,51200,4c8d337671a6436e10b05bc6d312d2ea,0.170400,0.066400
AES-CMAC,92,51200,bee80a831edeeda0e82a1ccdaab939a1,0.177700,0.078500
AES-CMAC,93,51200,399e116548ff0559d2115f9c062b0c06,0.161000,0.063600
AES-CMAC,94,51200,1964c163a827f6f4b0f8c5d800a3e6dc,0.235200,0.088400
AES-CMAC,95,51200,1e5412dde2cff0c5f90417cde8bc7164,0.173400,0.099400
AES-CMAC,96,51200,f2d42d849a82b712da599c7c0db6690a,0.160100,0.064400
AES-CMAC,97,51200,80cd2005effbf6915a201f5306965d2a,0.179400,0.084800
AES-CMAC,98,51200,6812af64ba3fa84eee761e30db4e6446,0.177900,0.079400
AES-CMAC,99,51200,8a8aff3ad3db4e63a310554f1ab89b99,0.173500,0.087700
AES-CMAC,100,51200,ff6fc0b8c4ce84d5ecfa251c984e876c,0.166600,0.066500
AES-CMAC,1,102400,baf73b542a61caa8878c710b23acac98,0.492000,0.107600
AES-CMAC,2,102400,aedf1aaabe1896079fecac73774ece92,0.385300,0.185600
AES-CMAC,3,102400,170684e0e6e18cfe4f73f36fe702e615,0.359500,0.178400
AES-CMAC,4,102400,1c6e1694411db89c7d826f7ec5a4dbcb,0.594100,0.406000
AES-CMAC,5,102400,8c8b37eab44f3e062c0db71bd8cd2a4a,0.372000,0.284400
AES-CMAC,6,102400,36571e8abded78ed6446bcfb7f8f874d,0.353100,0.226200
AES-CMAC,7,102400,122fc29b71c15ef783f62b41a4c15a18,0.333300,0.186000
AES-CMAC,8,102400,e725022497619da5b1aa783e82d16a88,0.506600,0.251400
AES-CMAC,9,102400,8f3ef5237a43cd15409d12b288ccc4f7,0.371300,0.229500
AES-CMAC,10,102400,e89dfeb918ca81b83d2180a52a2f3cb9,0.382600,0.251100
AES-CMAC,11,102400,bda49e5663c8c4d81297559301b47e75,0.617500,0.320900
AES-CMAC,12,102400,1707560672646bc6aed20e730721e565,0.459700,0.280700
AES-CMAC,13,102400,53898829f357c92eb5eb401136ac30bf,0.317500,0.182200
AES-CMAC,14,102400,512ecc41d3eda10223a36839f1acffac,0.303300,0.158700
AES-CMAC,15,102400,1bdcbec1980058c95689a04eb572f966,0.288100,0.234000
AES-CMAC,16,102400,6462b26adab2949650228015c813c376,0.298900,0.180700
AES-CMAC,17,102400,f2aa63e9ba51ff88ac2e5a4682afbd78,0.281300,0.249300
AES-CMAC,18,102400,c9a0b06afce98e78b290756d2012a099,0.293300,0.187700
AES-CMAC,19,102400,ba5c02f6d6af45aac0ca16ef4ddb18fe,0.290100,0.219500
AES-CMAC,20,102400,614e0ecb871115d362cb2a21df10c8f4,0.301600,0.179300
AES-CMAC,21,102400,1bf496ebb73eca5a91a2fdcf7ad4fa1b,0.294200,0.165500
AES-CMAC,22,102400,062128d3738b48ce94d6b54f3f2ab0d4,0.314500,0.209600
AES-CMAC,23,102400,1619d8f2f459dd1f98b6a40227551e8d,0.344900,0.252800
AES-CMAC,24,102400,ecfa4d8a869f94f28a10c0ae08f7cf5c,0.294900,0.234500
AES-CMAC,25,102400,20739ac4e06c35acd7e383e4eb750b11,0.281300,0.194700
AES-CMAC,26,102400,2edc041f349519cc1747a473cc5c16ed,0.261000,0.188600
AES-CMAC,27,102400,4f338e23f6abcb83671fd0053ff802ce,0.284400,0.168700
AES-CMAC,28,102400,46a78752b72f83bd300d03d906c25874,0.271900,0.144400
AES-CMAC,29,102400,56a2f3ca6848f723cfc5078a054ad4e2,0.278900,0.192100
AES-CMAC,30,102400,4c5bfe36497175e29a4caae63956070c,0.289500,0.177000
AES-CMAC,31,102400,d6c005154c9ec448f7c4874f4488e1ad,0.298900,0.172600
AES-CMAC,32,102400,58bc4eb8c74d289eeb1752c3f6644ed5,0.349400,0.179500
AES-CMAC,33,102400,49adf46afc2695f2250a7140405eb9f1,0.269700,0.148800
AES-CMAC,34,102400,0188a8c26570a16048bedd47f9581718,0.315800,0.197500
AES-CMAC,35,102400,7a3b9eb7a4c59a442b21a37eb6750f77,0.273600,0.146200
AES-CMAC,36,102400,a368f0c96b4dc096c09181da105eba82,0.258900,0.142800
AES-CMAC,37,102400,b18b25f2198da2dfc793be955be191d4,0.276800,0.146300
AES-CMAC,38,102400,baa5af75218fe0f459ab356d7f5703f6,0.246600,0.149500
AES-CMAC,39,102400,569b98321f7498ec0d6d42459e88814a,0.252700,0.200000
AES-CMAC,40,102400,24e4be317107925cd3698ba3553b8881,0.423200,0.279200
AES-CMAC,41,102400,5046ea5b33cca09b7fea7d9638bf41df,0.294000,0.195700
AES-CMAC,42,102400,1d8f3af53ecce0cd3b1ed238c89b3475,0.272000,0.170000
AES-CMAC,43,102400,fa8c083f4e2064bad4c4e750a87aab21,0.253400,0.127900
AES-CMAC,44,102400,722bbbca82ffd2078fad3a1a950be001,0.273500,0.160200
AES-CMAC,45,102400,371bcc3f0655663de3765f71b3cea4a3,0.281200,0.142600
AES-CMAC,46,102400,9f1cb79269d97229b5f732885ee950fd,0.320700,0.369300
AES-CMAC,47,102400,cd5d41b7295e2dfe641d2678efb4099d,0.285500,0.200600
AES-CMAC,48,102400,f46ca404890270c4735a15bfbdf8256a,0.270600,0.156800
AES-CMAC,49,102400,c18ef7809d2295c3cc1e799b13dc2ea4,0.300800,0.175000
AES-CMAC,50,102400,267327de3b08e68f7d5f18eb60a527f1,0.285200,0.202400
AES-CMAC,51,102400,01eaa2aaa0e5653fd79eab973d0c579c,0.262100,0.156700
AES-CMAC,52,102400,f7318b8e7f33c0e770aa971d97ef7029,0.261300,0.140900
AES-CMAC,53,102400,2e491aef5187706195a5c2ef55ba0079,0.272400,0.153700
AES-CMAC,54,102400,628791a83cd20fe18bef7a8851cf07d3,0.262600,0.165800
AES-CMAC,55,102400,0c07be98b99671b6405e095c0e74cab0,0.275900,0.212200
AES-CMAC,56,102400,7bb2cafd7bc7b8fa1e24e404d7df5dd9,0.287700,0.179300
AES-CMAC,57,102400,bf76e86b4e1437a09207692ce3a827ad,0.274800,0.138800
AES-CMAC,58,102400,7df2e51258a6b4d695e78c0c47a965c6,0.505600,0.322100
AES-CMAC,59,102400,b2380a555908a8fd52ff41e87572d681,0.355200,0.201500
AES-CMAC,60,102400,bf7885641e8da6079d9efef3af910c0c,0.409600,0.221000
AES-CMAC,61,102400,5a2ed42f7d1a8a564963b6a2e07b822a,0.328400,0.208100
AES-CMAC,62,102400,66fd28a9bc6d526a530c9a3033cae09c,0.373100,0.203200
AES-CMAC,63,102400,f0f27ced18129ffc3062c9889f12d79b,0.417800,0.264800
AES-CMAC,64,102400,6a27e3630e0809cc9525159dae1fe9dd,0.482500,0.313700
AES-CMAC,65,102400,5cd4df5a5f3960925dc90ba12000793a,0.382600,0.230300
AES-CMAC,66,102400,386456ebfc1425f5e86f1b1803a5402d,0.422600,0.242400
AES-CMAC,67,102400,d15b30c62d2565c3e89f83b23207ed54,0.383100,0.191100
AES-CMAC,68,102400,7eebf40cd229a0b78eba63254062cf43,0.319000,0.171800
AES-CMAC,69,102400,eb857e877c62643be3a5803ac8562147,0.331500,0.198100
AES-CMAC,70,102400,c5f3f087b91595526dd1aa4e2340a79b,0.409600,0.251300
AES-CMAC,71,102400,c9a05a5d96dd9636f2c8cbb9531b73e9,0.396900,0.222900
AES-CMAC,72,102400,cb2b6fc72deaa32e5bb13b707a218941,0.416500,0.241400
AES-CMAC,73,102400,524b9efe81a0917fcee3e8a32fd744f2,0.414500,0.215500
AES-CMAC,74,102400,0b88b51364b0362a5ab63c47aad7622a,0.434100,0.202700
AES-CMAC,75,102400,24a8f4c0c6058f85fbfae9818f10e9c7,0.473500,0.279500
AES-CMAC,76,102400,141b89f95eea4fb8f4cd438602fae9c5,0.526700,0.296900
AES-CMAC,77,102400,7dec29dc07905d6ea339509701d9218d,0.414800,0.225100
AES-CMAC,78,102400,d04e459c8f8bfe7ddfc6119da0c77ade,0.439300,0.254800
AES-CMAC,79,102400,81fe615b60f4ae3e7eea7edb428ee0b7,0.526200,0.304800
AES-CMAC,80,102400,0ff0547ad061a0199608219dbc71aad4,0.561900,0.298100
AES-CMAC,81,102400,333a640cec9df12d82919b23a657a4c5,0.544900,0.297700
AES-CMAC,82,102400,26f4aaad4ec6ab00f6745d058836d1c7,0.677000,0.482200
AES-CMAC,83,102400,e4371271e0f94657a646f97072c73eda,0.544400,0.472100
AES-CMAC,84,102400,fbe86f5dfbf36a45ae69fe1295ebd406,0.655800,0.264100
AES-CMAC,85,102400,62b73129cb0f034806aeaac26e3e94d2,0.621900,0.288900
AES-CMAC,86,102400,01f0e9b43fcd18840a9452f686f6820a,0.763600,0.421400
AES-CMAC,87,102400,d1622955be12cacc06810ed85103a1f7,0.571800,0.495000
AES-CMAC,88,102400,45c007d0bd059dce58a4c4d2a4163b3a,0.519500,0.311600
AES-CMAC,89,102400,290c8f19376b10551c794c037187afa0,0.539200,0.335100
AES-CMAC,90,102400,a2b5a520256079d47b3a3fbf6ffe8294,0.517800,0.257200
AES-CMAC,91,102400,e5b484acb3ae30a03b8aed869082af19,0.516500,0.299400
AES-CMAC,92,102400,a9b88e184adec878fec80d60e96a03f8,0.541500,0.267500
AES-CMAC,93,102400,09f25681ae0c27114c6c6da486ca2e2a,0.597200,0.264600
AES-CMAC,94,102400,15f89f096b847c1ba34abf4cc8147873,0.474100,0.305400
AES-CMAC,95,102400,35df71ba94711077a313e550f30f3626,0.588700,0.282400
AES-CMAC,96,102400,74216e07139b1bcf6be8f942cce17cd1,0.610300,0.430200
AES-CMAC,97,102400,78b935d93bf5e3b47739fb17e769bed6,0.531300,0.292800
AES-CMAC,98,102400,82770213ad55b2eef379088f698b7761,0.511300,0.286100
AES-CMAC,99,102400,5ee93fcca1620d81b7a7a8587a9183db,0.581400,0.293700
AES-CMAC,100,102400,cc7f3aa229d943bb2274583405d68004,0.445800,0.265300
